Workbook

Sheet 基础数据
A1: 日期
A2: 45836 | J2: 二车间
B3: 甲班 | E3: 其他 | J3: A班 | M3: 其他
B4: 铅（%） | C4: 锌（%） | D4: 银（g/T） | J4: 铅（%） | K4: 锌（%） | L4: 银（g/T） | O4: 铅 | P4: ='2车间表1'!L14 -> 0
A5: 原矿 | E5: 运转时间 | I5: 原矿 | M5: 运转时间
A6: 混精 | E6: 处理量 | I6: 混精 | M6: 处理量 | O6: 银 | P6: ='2车间表1'!M14 -> 0.00
A7: 混尾 | E7: 主细 | I7: 混尾 | M7: 主细
A8: 再选精矿 | E8: 再细 | I8: 再选精矿 | M8: 再细
A9: 再选尾矿 | E9: 水分 | F9: 3 | I9: 再选尾矿 | M9: 水分
A10: 过铅 | E10: 处理量/h | F10: =F6/F5 -> #DIV/0! | I10: 过铅 | M10: 处理量/h | N10: =N6/N5 -> #DIV/0!
A11: 铅精 | I11: 铅精 | R11: 原矿品位Pb+Zn
A12: 锌精 | I12: 锌精 | R12: ='班组统计台账（3%）日累'!E8+'班组统计台账（3%）日累'!F8 -> 3.91
A13: 尾矿 | I13: 尾矿
R14: 回收率
B15: 乙班 | E15: 其他 | J15: B班 | M15: 其他
B16: 铅（%） | C16: 锌（%） | D16: 银（g/T） | J16: 铅（%） | K16: 锌（%） | L16: 银（g/T） | O16: 铅 | P16: ='2车间表1'!L15 -> 0 | R16: ='班组统计台账（3%）日累'!AH8 -> 97.34854
A17: 原矿 | B17: 3.75 | D17: 161 | E17: 运转时间 | F17: 8 | I17: 原矿 | M17: 运转时间 | R17: ='班组统计台账（3%）日累'!AJ8 -> 99.810274
A18: 混精 | E18: 处理量 | F18: 128 | I18: 混精 | M18: 处理量 | O18: 银 | P18: ='2车间表1'!M15 -> 0.00
A19: 混尾 | E19: 主细 | I19: 混尾 | M19: 主细
A20: 再选精矿 | E20: 再细 | I20: 再选精矿 | M20: 再细
A21: 再选尾矿 | E21: 水分 | F21: 3 | I21: 再选尾矿 | M21: 水分 | R21: ='班组统计台账（3%）日累'!AB8 -> 0.1100507
A22: 过铅 | E22: 处理量/h | F22: =F18/F17 -> 16 | I22: 过铅 | M22: 处理量/h | N22: =N18/N17 -> #DIV/0! | R22: ='班组统计台账（3%）日累'!AD8 -> 0.39373621
A23: 铅精 | B23: 65.27 | D23: 3352 | I23: 铅精
A24: 锌精 | I24: 锌精
A25: 尾矿 | B25: 0.13 | D25: 8 | I25: 尾矿
B27: 丙班 | E27: 其他 | J27: C班 | M27: 其他
B28: 铅（%） | C28: 锌（%） | D28: 银（g/T） | G28: 铅 | H28: ='1车间表1'!L16 -> 97.922147 | J28: 铅（%） | K28: 锌（%） | L28: 银（g/T） | O28: 铅 | P28: ='2车间表1'!L16 -> 0
A29: 原矿 | B29: 4.07 | D29: 230 | E29: 运转时间 | F29: 8 | I29: 原矿 | M29: 运转时间
A30: 混精 | E30: 处理量 | F30: 128 | G30: 银 | H30: ='1车间表1'!M16 -> 88.686423 | I30: 混精 | M30: 处理量 | O30: 银 | P30: ='2车间表1'!M16 -> 0.00
A31: 混尾 | E31: 主细 | I31: 混尾 | M31: 主细
A32: 再选精矿 | E32: 再细 | I32: 再选精矿 | M32: 再细
A33: 再选尾矿 | E33: 水分 | F33: 3 | I33: 再选尾矿 | M33: 水分
A34: 过铅 | E34: 处理量/h | F34: =F30/F29 -> 16 | I34: 过铅 | M34: 处理量/h | N34: =N30/N29 -> #DIV/0! | P34: 2871
A35: 铅精 | B35: 66.04 | D35: 3380 | I35: 铅精 | P35: =P34-D35 -> -509
A36: 锌精 | I36: 锌精
A37: 尾矿 | B37: 0.09 | D37: 4 | I37: 尾矿
B56: 甲 | C56: 乙 | D56: 丙 | E56: A | F56: B | G56: C
B57: ='1车间表1'!H7 -> 0 | C57: ='1车间表1'!H8 -> 124.16 | D57: ='1车间表1'!H9 -> 124.16 | E57: ='2车间表1'!H7 -> 0 | F57: ='2车间表1'!H8 -> 0 | G57: ='2车间表1'!H9 -> 0
B58: =#REF! -> #REF! | C58: =#REF! -> #REF! | D58: =#REF! -> #REF! | E58: =#REF! -> #REF! | F58: =#REF! -> #REF! | G58: =#REF! -> #REF!
B59: =#REF! -> #REF! | C59: =#REF! -> #REF! | D59: =#REF! -> #REF! | E59: =#REF! -> #REF! | F59: =#REF! -> #REF! | G59: =#REF! -> #REF!
B60: =#REF! -> #REF! | C60: =#REF! -> #REF! | D60: =#REF! -> #REF! | E60: =#REF! -> #REF! | F60: =#REF! -> #REF! | G60: =#REF! -> #REF!
B61: =#REF! -> #REF! | C61: =#REF! -> #REF! | D61: =#REF! -> #REF! | E61: =#REF! -> #REF! | F61: =#REF! -> #REF! | G61: =#REF! -> #REF!
B63: =#REF! -> #REF! | C63: =#REF! -> #REF! | D63: =#REF! -> #REF! | E63: =#REF! -> #REF! | F63: =#REF! -> #REF! | G63: =#REF! -> #REF!
B64: =#REF! -> #REF! | C64: =#REF! -> #REF! | D64: =#REF! -> #REF! | E64: =#REF! -> #REF! | F64: =#REF! -> #REF! | G64: =#REF! -> #REF!
B66: 甲 | C66: 乙 | D66: 丙 | E66: A | F66: B | G66: C
A67: 品位 | B67: =B5+C5 -> 0 | C67: =B17+C17 -> 3.75 | D67: =B29+C29 -> 4.07 | E67: =J5+K5 -> 0 | F67: =J17+K17 -> 0 | G67: =J29+K29 -> 0
A68: 波动值 | B68: =B67-R12 -> -3.91 | C68: =C67-R12 -> -0.16 | D68: =D67-R12 -> 0.16 | E68: =E67-R12 -> -3.91 | F68: =F67-R12 -> -3.91 | G68: =G67-R12 -> -3.91
A69: 平均值 | B69: =R12 -> 3.91

Sheet 1车间表1
B2: 选矿厂生产日报表（金属平衡表）
M4: =基础数据!A2 -> 45836
B5: 种类 | C5: 班别 | D5: 细度％ | E5: 磨矿时间（h） | F5: 处 理 量 | L5: 金 属 量
F6: 湿量（T） | G6: 水份（%） | H6: 干量（T） | I6: 铅（%） | J6: 锌（%） | K6: 银（g/t） | L6: 铜（T） | M6: 铅（T） | N6: 锌（T） | O6: 银（Kg）
B7: 原矿 | C7: 甲 | D7: =基础数据!F7 -> 0 | E7: =基础数据!F5 -> 0 | F7: =基础数据!F6 -> 0 | G7: =基础数据!F9 -> 3 | H7: =F7*(1-G7%) -> 0 | I7: =基础数据!B5 -> 0 | K7: =基础数据!D5 -> 0 | M7: =H7*I7/100 -> 0 | O7: =H7*K7/1000 -> 0
C8: 乙 | D8: =基础数据!F19 -> 0 | E8: =基础数据!F17 -> 8 | F8: =基础数据!F18 -> 128 | G8: =基础数据!F21 -> 3 | H8: =F8*(1-G8%) -> 124.16 | I8: =基础数据!B17 -> 3.75 | K8: =基础数据!D17 -> 161 | M8: =H8*I8/100 -> 4.656 | O8: =H8*K8/1000 -> 19.98976
C9: 丙 | D9: =基础数据!F31 -> 0 | E9: =基础数据!F29 -> 8 | F9: =基础数据!F30 -> 128 | G9: =基础数据!F33 -> 3 | H9: =F9*(1-G9%) -> 124.16 | I9: =基础数据!B29 -> 4.07 | K9: =基础数据!D29 -> 230 | M9: =H9*I9/100 -> 5.053312 | O9: =H9*K9/1000 -> 28.5568
C10: 日累 | D10: =IF(ISERROR((D7*H7+D8*H8+D9*H9)/(H7+H8+H9)),"0.00",(D7*H7+D8*H8+D9*H9)/(H7+H8+H9)) -> 0 | E10: =E7+E8+E9 -> 16 | F10: =F7+F8+F9 -> 256 | G10: =IF(ISERROR((F10-H10)/F10*100),"0.00",(F10-H10)/F10*100) -> 3 | H10: =H7+H8+H9 -> 248.32 | I10: =IF(ISERROR(M10/H10*100),"0.00",M10/H10*100) -> 3.91 | K10: =IF(ISERROR(O10/H10*1000),"0",O10/H10*1000) -> 195.5 | M10: =M7+M8+M9 -> 9.709312 | O10: =O7+O8+O9 -> 48.54656 | S10: =((I7-F24)/(F14-F24))*F14/I7*100 -> #DIV/0!
C11: 月累 | D11: =IF(ISERROR((D35*H35+H10*D10)/H11),"0.00",(D35*H35+H10*D10)/H11) -> 0 | E11: =E10+E35 -> 16 | F11: =F10+F35 -> 256 | G11: =IF(ISERROR((F11-H11)/F11*100),"0.00",(F11-H11)/F11*100) -> 3 | H11: =H10+H35 -> 248.32 | I11: =IF(ISERROR(M11/H11*100),"0.00",M11/H11*100) -> 3.91 | K11: =IF(ISERROR(O11/H11*1000),"0",O11/H11*1000) -> 195.5 | M11: =M10+M35 -> 9.709312 | O11: =O10+O35 -> 48.54656
B12: 种类 | C12: 班别 | D12: 干量（T） | E12: 分 布 率 | I12: 金 属 量 | L12: 回收率（%） | N12: 产率（%） | O12: 富集比
E13: 铜（%） | F13: 铅（%） | G13: 锌（%） | H13: 银（g/t） | I13: 铅（T） | J13: 锌（T） | K13: 银（Kg） | L13: 铜铅锌 | M13: 银
B14: 铅精矿 | C14: 甲 | D14: =N14*H7/100 -> 0 | F14: =基础数据!B11 -> 0 | G14: =基础数据!C11 -> 0 | H14: =基础数据!D11 -> 0 | I14: =D14*F14/100 -> 0 | J14: =D14*G14/100 -> 0 | K14: =D14*H14/1000 -> 0 | L14: =O14*N14 -> 0 | M14: =IF(ISERROR(H14/K7*N14),"0.00",H14/K7*N14) -> 0.00 | N14: =IF(ISERROR(S14/T14),"0.00",S14/T14) -> 0.00 | O14: =IF(ISERROR(F14/I7),"0.00",F14/I7) -> 0.00 | S14: =(I7-F24)*100 -> 0 | T14: =F14-F24 -> 0
C15: 乙 | D15: =N15*H8/100 -> 6.8998956 | F15: =基础数据!B23 -> 65.27 | G15: =基础数据!C23 -> 0 | H15: =基础数据!D23 -> 3352 | I15: =D15*F15/100 -> 4.5035619 | J15: =D15*G15/100 -> 0 | K15: =D15*H15/1000 -> 23.12845 | L15: =O15*N15 -> 96.725985 | M15: =IF(ISERROR(H15/K8*N15),"0.00",H15/K8*N15) -> 115.70149 | N15: =IF(ISERROR(S15/T15),"0.00",S15/T15) -> 5.5572613 | O15: =IF(ISERROR(F15/I8),"0.00",F15/I8) -> 17.405333 | S15: =(I8-F25)*100 -> 362 | T15: =F15-F25 -> 65.14
C16: 丙 | D16: =N16*H9/100 -> 7.4929007 | F16: =基础数据!B35 -> 66.04 | G16: =基础数据!C35 -> 0 | H16: =基础数据!D35 -> 3380 | I16: =D16*F16/100 -> 4.9483116 | J16: =D16*G16/100 -> 0 | K16: =D16*H16/1000 -> 25.326004 | L16: =O16*N16 -> 97.922147 | M16: =IF(ISERROR(H16/K9*N16),"0.00",H16/K9*N16) -> 88.686423 | N16: =IF(ISERROR(S16/T16),"0.00",S16/T16) -> 6.0348749 | O16: =IF(ISERROR(F16/I9),"0.00",F16/I9) -> 16.226044 | S16: =(I9-F26)*100 -> 398 | T16: =F16-F26 -> 65.95
C17: 日累 | D17: =D14+D15+D16 -> 14.392796 | F17: =IF(ISERROR(I17/D17*100),"0.00",I17/D17*100) -> 65.670863 | G17: =IF(ISERROR(J17/D17*100),"0.00",J17/D17*100) -> 0 | H17: =IF(ISERROR(K17/D17*1000),"0",K17/D17*1000) -> 3366.5768 | I17: =I14+I15+I16 -> 9.4518735 | J17: =J14+J15+J16 -> 0 | K17: =K14+K15+K16 -> 48.454454 | L17: =IF(ISERROR(I17/M10*100),"0.00",I17/M10*100) -> 97.34854 | M17: =IF(ISERROR(K17/O10*100),"0.00",K17/O10*100) -> 99.810274 | N17: =IF(ISERROR(L17/O17),"0.00",L17/O17) -> 5.7960681 | O17: =IF(ISERROR(F17/I10),"0.00",F17/I10) -> 16.795617
C18: 月累 | D18: =D17+D36 -> 14.392796 | F18: =IF(ISERROR(I18/D18*100),"0.00",I18/D18*100) -> 65.670863 | G18: =IF(ISERROR(J18/D18*100),"0.00",J18/D18*100) -> 0 | H18: =IF(ISERROR(K18/D18*1000),"0",K18/D18*1000) -> 3366.5768 | I18: =I17+I36 -> 9.4518735 | J18: =J17+J36 -> 0 | K18: =K17+K36 -> 48.454454 | L18: =IF(ISERROR(I18/M11*100),"0.00",I18/M11*100) -> 97.34854 | M18: =IF(ISERROR(K18/O11*100),"0.00",K18/O11*100) -> 99.810274 | N18: =IF(ISERROR(L18/O18),"0.00",L18/O18) -> 5.7960681 | O18: =IF(ISERROR(F18/I11),"0.00",F18/I11) -> 16.795617
B19: 锌精矿 | C19: 甲
C20: 乙
C21: 丙
C22: 日累
C23: 月累
B24: 尾矿 | C24: 甲 | D24: =H7-D14-D19 -> 0 | F24: =基础数据!B13 -> 0 | H24: =基础数据!D13 -> 0 | I24: =M7-I14-I19 -> 0 | J24: =N7-J14-J19 -> 0 | K24: =O7-K14-K19 -> 0
C25: 乙 | D25: =H8-D15-D20 -> 117.2601 | F25: =基础数据!B25 -> 0.13 | H25: =基础数据!D25 -> 8 | I25: =M8-I15-I20 -> 0.15243814 | J25: =N8-J15-J20 -> 0 | K25: =O8-K15-K20 -> -3.1386901
C26: 丙 | D26: =H9-D16-D21 -> 116.6671 | F26: =基础数据!B37 -> 0.09 | H26: =基础数据!D37 -> 4 | I26: =M9-I16-I21 -> 0.10500039 | J26: =N9-J16-J21 -> 0 | K26: =O9-K16-K21 -> 3.2307957
C27: 日累 | D27: =D24+D25+D26 -> 233.9272 | F27: =IF(ISERROR(I27/D27*100),"0.00",I27/D27*100) -> 0.1100507 | H27: =IF(ISERROR(K27/D27*1000),"0",K27/D27*1000) -> 0.39373621 | I27: =I24+I25+I26 -> 0.25743853 | J27: =J24+J25+J26 -> 0 | K27: =K24+K25+K26 -> 0.092105611
C28: 月累 | D28: =D27+D38 -> 233.9272 | F28: =IF(ISERROR(I28/D28*100),"0.00",I28/D28*100) -> 0.1100507 | H28: =IF(ISERROR(K28/D28*1000),"0",K28/D28*1000) -> 0.39373621 | I28: =I27+I38 -> 0.25743853 | J28: =J27+J38 -> 0 | K28: =K27+K38 -> 0.092105611
D29: 质检负责人： | K29: 制表人：
C34: 昨日月累：
B35: 原矿月累
B36: 铅精月累
B37: 锌精月累
B38: 尾矿月累
C44: 今日月累：
B45: 原矿月累 | D45: =D11 -> 0 | E45: =E11 -> 16 | F45: =F11 -> 256 | H45: =H11 -> 248.32 | L45: =L11 -> 0 | M45: =M11 -> 9.709312 | N45: =N11 -> 0 | O45: =O11 -> 48.54656
B46: 铅精月累 | D46: =D18 -> 14.392796 | I46: =I18 -> 9.4518735 | J46: =J18 -> 0 | K46: =K18 -> 48.454454
B47: 锌精月累 | D47: =D23 -> 0 | I47: =I23 -> 0 | J47: =J23 -> 0 | K47: =K23 -> 0
B48: 尾矿月累 | D48: =D28 -> 233.9272 | I48: =I28 -> 0.25743853 | J48: =J28 -> 0 | K48: =K28 -> 0.092105611

Sheet 1车间表2
B2: 选矿厂生产月累统计表 | O2: =(J13+K17)/(J7+K7)*100 -> #DIV/0!
O3: =(J14+K18)/(J8+K8)*100 -> 96.725985
J4: =基础数据!A2 -> 45836 | O4: =(J15+K19)/(J9+K9)*100 -> 97.922147
B5: 种类 | C5: 班别 | D5: 细度％ | E5: 磨矿时间（h） | F5: 干量（T） | G5: 品 位 | J5: 金 属 量 | O5: =(J16+K20)/(J10+K10)*100 -> 97.34854
G6: 铅（%） | H6: 锌（%） | I6: 银（g/t） | J6: 铅（T） | K6: 锌（T） | L6: 银（Kg）
B7: 原矿 | C7: 甲月累 | D7: =IF(ISERROR((D32*F32+'1车间表1'!D7*'1车间表1'!H7)/'1车间表2'!F7),"0.00",(D32*F32+'1车间表1'!D7*'1车间表1'!H7)/'1车间表2'!F7) -> 0.00 | E7: =E32+'1车间表1'!E7 -> 0 | F7: =F32+'1车间表1'!H7 -> 0 | G7: =IF(ISERROR(J7/F7*100),"0.00",J7/F7*100) -> 0.00 | I7: =IF(ISERROR(L7/F7*1000),"0",L7/F7*1000) -> 0 | J7: =J32+'1车间表1'!M7 -> 0 | L7: =L32+'1车间表1'!O7 -> 0 | N7: =D7 -> 0.00 | O7: =F7/E7 -> #DIV/0! | P7: =#REF! -> #REF! | Q7: =G7 -> 0.00 | R7: =H7 -> 0 | S7: =I7 -> 0 | T7: =#REF! -> #REF! | U7: =#REF! -> #REF! | V7: =#REF! -> #REF! | W7: =#REF! -> #REF! | X7: =#REF! -> #REF! | Y7: =G13 -> 0.00 | Z7: =H13 -> 0 | AA7: =I13 -> 0 | AB7: =#REF! -> #REF! | AC7: =G17 -> 0 | AD7: =H17 -> 0 | AE7: =I17 -> 0 | AF7: =#REF! -> #REF! | AG7: =G21 -> 0.00 | AH7: =H21 -> 0 | AI7: =I21 -> 0 | AJ7: =#REF! -> #REF! | AK7: =D13 -> 0.00 | AL7: =D17 -> 0 | AM7: =E21 -> 0
C8: 乙月累 | D8: =IF(ISERROR((D33*F33+'1车间表1'!D8*'1车间表1'!H8)/'1车间表2'!F8),"0.00",(D33*F33+'1车间表1'!D8*'1车间表1'!H8)/'1车间表2'!F8) -> 0 | E8: =E33+'1车间表1'!E8 -> 8 | F8: =F33+'1车间表1'!H8 -> 124.16 | G8: =IF(ISERROR(J8/F8*100),"0.00",J8/F8*100) -> 3.75 | I8: =IF(ISERROR(L8/F8*1000),"0",L8/F8*1000) -> 161 | J8: =J33+'1车间表1'!M8 -> 4.656 | L8: =L33+'1车间表1'!O8 -> 19.98976 | N8: =D8 -> 0 | O8: =F8/E8 -> 15.52 | P8: =#REF! -> #REF! | Q8: =G8 -> 3.75 | R8: =H8 -> 0 | S8: =I8 -> 161 | T8: =#REF! -> #REF! | U8: =#REF! -> #REF! | V8: =#REF! -> #REF! | W8: =#REF! -> #REF! | X8: =#REF! -> #REF! | Y8: =G14 -> 65.27 | Z8: =H14 -> 0 | AA8: =I14 -> 3352 | AB8: =#REF! -> #REF! | AC8: =G18 -> 0 | AD8: =H18 -> 0 | AE8: =I18 -> 0 | AF8: =#REF! -> #REF! | AG8: =G22 -> 0.13 | AH8: =H22 -> 0 | AI8: =I22 -> -26.766905 | AJ8: =#REF! -> #REF! | AK8: =D14 -> 96.725985 | AL8: =D18 -> 0 | AM8: =E22 -> 0
C9: 丙月累 | D9: =IF(ISERROR((D34*F34+'1车间表1'!D9*'1车间表1'!H9)/'1车间表2'!F9),"0.00",(D34*F34+'1车间表1'!D9*'1车间表1'!H9)/'1车间表2'!F9) -> 0 | E9: =E34+'1车间表1'!E9 -> 8 | F9: =F34+'1车间表1'!H9 -> 124.16 | G9: =IF(ISERROR(J9/F9*100),"0.00",J9/F9*100) -> 4.07 | I9: =IF(ISERROR(L9/F9*1000),"0",L9/F9*1000) -> 230 | J9: =J34+'1车间表1'!M9 -> 5.053312 | L9: =L34+'1车间表1'!O9 -> 28.5568 | N9: =D9 -> 0 | O9: =F9/E9 -> 15.52 | P9: =#REF! -> #REF! | Q9: =G9 -> 4.07 | R9: =H9 -> 0 | S9: =I9 -> 230 | T9: =#REF! -> #REF! | U9: =#REF! -> #REF! | V9: =#REF! -> #REF! | W9: =#REF! -> #REF! | X9: =#REF! -> #REF! | Y9: =G15 -> 66.04 | Z9: =H15 -> 0 | AA9: =I15 -> 3380 | AB9: =#REF! -> #REF! | AC9: =G19 -> 0 | AD9: =H19 -> 0 | AE9: =I19 -> 0 | AF9: =#REF! -> #REF! | AG9: =G23 -> 0.09 | AH9: =H23 -> 0 | AI9: =I23 -> 27.692432 | AJ9: =#REF! -> #REF! | AK9: =D15 -> 97.922147 | AL9: =D19 -> 0 | AM9: =E23 -> 0
C10: 月累 | D10: =IF(ISERROR((D7*F7+D8*F8+D9*F9)/F10),"0.00",(D7*F7+D8*F8+D9*F9)/F10) -> 0 | E10: =E7+E8+E9 -> 16 | F10: =F7+F8+F9 -> 248.32 | G10: =IF(ISERROR(J10/F10*100),"0.00",J10/F10*100) -> 3.91 | I10: =IF(ISERROR(L10/F10*1000),"0",L10/F10*1000) -> 195.5 | J10: =J7+J8+J9 -> 9.709312 | L10: =L7+L8+L9 -> 48.54656 | N10: =D10 -> 0 | O10: =F10/E10 -> 15.52 | P10: =#REF! -> #REF! | Q10: =G10 -> 3.91 | R10: =H10 -> 0 | S10: =I10 -> 195.5 | T10: =#REF! -> #REF! | U10: =#REF! -> #REF! | V10: =#REF! -> #REF! | W10: =#REF! -> #REF! | X10: =#REF! -> #REF! | Y10: =G16 -> 65.670863 | Z10: =H16 -> 0 | AA10: =I16 -> 3366.5768 | AB10: =#REF! -> #REF! | AC10: =G20 -> 0 | AD10: =H20 -> 0 | AE10: =I20 -> 0 | AF10: =#REF! -> #REF! | AG10: =G24 -> 0.1100507 | AH10: =H24 -> 0 | AI10: =I24 -> 0.39373621 | AJ10: =#REF! -> #REF! | AK10: =D16 -> 97.34854 | AL10: =D20 -> 0 | AM10: =E24 -> 0
B11: 种类 | C11: 班别 | D11: 回收率（%） | F11: 干量（T） | G11: 分 布 率 | J11: 金 属 量
D12: 铜铅锌 | E12: 银 | G12: 铅（%） | H12: 锌（%） | I12: 银（g/t） | J12: 铅（T） | K12: 锌（T） | L12: 银（Kg）
B13: 铅精 | C13: 甲月累 | D13: =IF(ISERROR(J13/J7*100),"0.00",J13/J7*100) -> 0.00 | E13: =IF(ISERROR(L13/L7*100),"0.00",L13/L7*100) -> 0.00 | F13: =F35+'1车间表1'!D14 -> 0 | G13: =IF(ISERROR(J13/F13*100),"0.00",J13/F13*100) -> 0.00 | I13: =IF(ISERROR(L13/F13*1000),"0",L13/F13*1000) -> 0 | J13: =J35+'1车间表1'!I14 -> 0 | L13: =L35+'1车间表1'!K14 -> 0 | N13: =#REF!/#REF!*100 -> #REF! | O13: =J13/J7*100 -> #DIV/0! | P13: =K13/K7*100 -> #DIV/0! | Q13: =L13/L7*100 -> #DIV/0! | S13: =P13 -> #DIV/0! | T13: =P17 -> #DIV/0! | U13: =#REF! -> #REF! | V13: =P21 -> #DIV/0! | W13: =S13+T13+U13+V13 -> #DIV/0!
C14: 乙月累 | D14: =IF(ISERROR(J14/J8*100),"0.00",J14/J8*100) -> 96.725985 | E14: =IF(ISERROR(L14/L8*100),"0.00",L14/L8*100) -> 115.70149 | F14: =F36+'1车间表1'!D15 -> 6.8998956 | G14: =IF(ISERROR(J14/F14*100),"0.00",J14/F14*100) -> 65.27 | I14: =IF(ISERROR(L14/F14*1000),"0",L14/F14*1000) -> 3352 | J14: =J36+'1车间表1'!I15 -> 4.5035619 | L14: =L36+'1车间表1'!K15 -> 23.12845 | N14: =#REF!/#REF!*100 -> #REF! | O14: =J14/J8*100 -> 96.725985 | P14: =K14/K8*100 -> #DIV/0! | Q14: =L14/L8*100 -> 115.70149 | S14: =P14 -> #DIV/0! | T14: =P18 -> #DIV/0! | U14: =#REF! -> #REF! | V14: =P22 -> #DIV/0! | W14: =S14+T14+U14+V14 -> #DIV/0!
C15: 丙月累 | D15: =IF(ISERROR(J15/J9*100),"0.00",J15/J9*100) -> 97.922147 | E15: =IF(ISERROR(L15/L9*100),"0.00",L15/L9*100) -> 88.686423 | F15: =F37+'1车间表1'!D16 -> 7.4929007 | G15: =IF(ISERROR(J15/F15*100),"0.00",J15/F15*100) -> 66.04 | I15: =IF(ISERROR(L15/F15*1000),"0",L15/F15*1000) -> 3380 | J15: =J37+'1车间表1'!I16 -> 4.9483116 | L15: =L37+'1车间表1'!K16 -> 25.326004 | N15: =#REF!/#REF!*100 -> #REF! | O15: =J15/J9*100 -> 97.922147 | P15: =K15/K9*100 -> #DIV/0! | Q15: =L15/L9*100 -> 88.686423 | S15: =P15 -> #DIV/0! | T15: =P19 -> #DIV/0! | U15: =#REF! -> #REF! | V15: =P23 -> #DIV/0! | W15: =S15+T15+U15+V15 -> #DIV/0!
C16: 月累 | D16: =IF(ISERROR(J16/J10*100),"0.00",J16/J10*100) -> 97.34854 | E16: =IF(ISERROR(L16/L10*100),"0.00",L16/L10*100) -> 99.810274 | F16: =F13+F14+F15 -> 14.392796 | G16: =IF(ISERROR(J16/F16*100),"0.00",J16/F16*100) -> 65.670863 | I16: =IF(ISERROR(L16/F16*1000),"0",L16/F16*1000) -> 3366.5768 | J16: =J13+J14+J15 -> 9.4518735 | L16: =L13+L14+L15 -> 48.454454 | N16: =#REF!/#REF!*100 -> #REF! | O16: =J16/J10*100 -> 97.34854 | P16: =K16/K10*100 -> #DIV/0! | Q16: =L16/L10*100 -> 99.810274 | S16: =P16 -> #DIV/0! | T16: =P20 -> #DIV/0! | U16: =#REF! -> #REF! | V16: =P24 -> #DIV/0! | W16: =S16+T16+U16+V16 -> #DIV/0!
B17: 锌精 | C17: 甲月累 | N17: =#REF!/#REF!*100 -> #REF! | O17: =J17/J7*100 -> #DIV/0! | P17: =K17/K7*100 -> #DIV/0! | Q17: =L17/L7*100 -> #DIV/0! | S17: =N13 -> #REF! | T17: =N17 -> #REF! | U17: =#REF! -> #REF! | V17: =N21 -> #REF! | W17: =S17+T17+U17+V17 -> #REF!
C18: 乙月累 | N18: =#REF!/#REF!*100 -> #REF! | O18: =J18/J8*100 -> 0 | P18: =K18/K8*100 -> #DIV/0! | Q18: =L18/L8*100 -> 0 | S18: =N14 -> #REF! | T18: =N18 -> #REF! | U18: =#REF! -> #REF! | V18: =N22 -> #REF! | W18: =S18+T18+U18+V18 -> #REF!
C19: 丙月累 | N19: =#REF!/#REF!*100 -> #REF! | O19: =J19/J9*100 -> 0 | P19: =K19/K9*100 -> #DIV/0! | Q19: =L19/L9*100 -> 0 | S19: =N15 -> #REF! | T19: =N19 -> #REF! | U19: =#REF! -> #REF! | V19: =N23 -> #REF! | W19: =S19+T19+U19+V19 -> #REF!
C20: 月累 | N20: =#REF!/#REF!*100 -> #REF! | O20: =J20/J10*100 -> 0 | P20: =K20/K10*100 -> #DIV/0! | Q20: =L20/L10*100 -> 0 | S20: =N16 -> #REF! | T20: =N20 -> #REF! | U20: =#REF! -> #REF! | V20: =N24 -> #REF! | W20: =S20+T20+U20+V20 -> #REF!
B21: 尾矿 | C21: 甲月累 | F21: =F41+'1车间表1'!D24 -> 0 | G21: =IF(ISERROR(J21/F21*100),"0.00",J21/F21*100) -> 0.00 | I21: =IF(ISERROR(L21/F21*1000),"0",L21/F21*1000) -> 0 | J21: =J41+'1车间表1'!I24 -> 0 | L21: =L41+'1车间表1'!K24 -> 0 | N21: =#REF!/#REF!*100 -> #REF! | O21: =J21/J7*100 -> #DIV/0! | P21: =K21/K7*100 -> #DIV/0! | Q21: =L21/L7*100 -> #DIV/0! | S21: =Q13 -> #DIV/0! | T21: =Q17 -> #DIV/0! | U21: =#REF! -> #REF! | V21: =Q21 -> #DIV/0! | W21: =S21+T21+U21+V21 -> #DIV/0!
C22: 乙月累 | F22: =F42+'1车间表1'!D25 -> 117.2601 | G22: =IF(ISERROR(J22/F22*100),"0.00",J22/F22*100) -> 0.13 | I22: =IF(ISERROR(L22/F22*1000),"0",L22/F22*1000) -> -26.766905 | J22: =J42+'1车间表1'!I25 -> 0.15243814 | L22: =L42+'1车间表1'!K25 -> -3.1386901 | N22: =#REF!/#REF!*100 -> #REF! | O22: =J22/J8*100 -> 3.2740149 | P22: =K22/K8*100 -> #DIV/0! | Q22: =L22/L8*100 -> -15.70149 | S22: =Q14 -> 115.70149 | T22: =Q18 -> 0 | U22: =#REF! -> #REF! | V22: =Q22 -> -15.70149 | W22: =S22+T22+U22+V22 -> #REF!
C23: 丙月累 | F23: =F43+'1车间表1'!D26 -> 116.6671 | G23: =IF(ISERROR(J23/F23*100),"0.00",J23/F23*100) -> 0.09 | I23: =IF(ISERROR(L23/F23*1000),"0",L23/F23*1000) -> 27.692432 | J23: =J43+'1车间表1'!I26 -> 0.10500039 | L23: =L43+'1车间表1'!K26 -> 3.2307957 | N23: =#REF!/#REF!*100 -> #REF! | O23: =J23/J9*100 -> 2.0778529 | P23: =K23/K9*100 -> #DIV/0! | Q23: =L23/L9*100 -> 11.313577 | S23: =Q15 -> 88.686423 | T23: =Q19 -> 0 | U23: =#REF! -> #REF! | V23: =Q23 -> 11.313577 | W23: =S23+T23+U23+V23 -> #REF!
C24: 月累 | F24: =F21+F22+F23 -> 233.9272 | G24: =IF(ISERROR(J24/F24*100),"0.00",J24/F24*100) -> 0.1100507 | I24: =IF(ISERROR(L24/F24*1000),"0",L24/F24*1000) -> 0.39373621 | J24: =J21+J22+J23 -> 0.25743853 | L24: =L21+L22+L23 -> 0.092105611 | N24: =#REF!/#REF!*100 -> #REF! | O24: =J24/J10*100 -> 2.65146 | P24: =K24/K10*100 -> #DIV/0! | Q24: =L24/L10*100 -> 0.18972634 | S24: =Q16 -> 99.810274 | T24: =Q20 -> 0 | U24: =#REF! -> #REF! | V24: =Q24 -> 0.18972634 | W24: =S24+T24+U24+V24 -> #REF!
C25: 质检负责人：
D29: 昨日月累：
B30: 种类 | C30: 班别 | D30: 细度％ | E30: 磨矿时间（h） | F30: 干量（T）
G31: 铅（%） | H31: 锌（%） | I31: 银（g/t） | J31: 铅（T） | K31: 锌（T） | L31: 银（Kg）
B32: 原矿 | C32: 一月累
C33: 二月累
C34: 三月累
B35: 铅精 | C35: 一月累
C36: 二月累
C37: 三月累
B38: 锌精 | C38: 一月累
C39: 二月累
C40: 三月累
B41: 尾矿 | C41: 一月累
C42: 二月累
C43: 三月累
D46: 今日月累：
B47: 种类 | C47: 班别 | D47: 细度％ | E47: 磨矿时间（h） | F47: 干量（T）
G48: 铅（%） | H48: 锌（%） | I48: 银（g/t） | J48: 铅（T） | K48: 锌（T） | L48: 银（Kg）
B49: 原矿 | C49: 一月累 | D49: =D7 -> 0.00 | E49: =E7 -> 0 | F49: =F7 -> 0 | J49: =J7 -> 0 | K49: =K7 -> 0 | L49: =L7 -> 0
C50: 二月累 | D50: =D8 -> 0 | E50: =E8 -> 8 | F50: =F8 -> 124.16 | J50: =J8 -> 4.656 | K50: =K8 -> 0 | L50: =L8 -> 19.98976
C51: 三月累 | D51: =D9 -> 0 | E51: =E9 -> 8 | F51: =F9 -> 124.16 | J51: =J9 -> 5.053312 | K51: =K9 -> 0 | L51: =L9 -> 28.5568
B52: 铅精 | C52: 一月累 | F52: =F13 -> 0 | J52: =J13 -> 0 | K52: =K13 -> 0 | L52: =L13 -> 0
C53: 二月累 | F53: =F14 -> 6.8998956 | J53: =J14 -> 4.5035619 | K53: =K14 -> 0 | L53: =L14 -> 23.12845
C54: 三月累 | F54: =F15 -> 7.4929007 | J54: =J15 -> 4.9483116 | K54: =K15 -> 0 | L54: =L15 -> 25.326004
B55: 锌精 | C55: 一月累 | F55: =F17 -> 0 | J55: =J17 -> 0 | K55: =K17 -> 0 | L55: =L17 -> 0
C56: 二月累 | F56: =F18 -> 0 | J56: =J18 -> 0 | K56: =K18 -> 0 | L56: =L18 -> 0
C57: 三月累 | F57: =F19 -> 0 | J57: =J19 -> 0 | K57: =K19 -> 0 | L57: =L19 -> 0
B58: 尾矿 | C58: 一月累 | F58: =F21 -> 0 | J58: =J21 -> 0 | K58: =K21 -> 0 | L58: =L21 -> 0
C59: 二月累 | F59: =F22 -> 117.2601 | J59: =J22 -> 0.15243814 | K59: =K22 -> 0 | L59: =L22 -> -3.1386901
C60: 三月累 | F60: =F23 -> 116.6671 | J60: =J23 -> 0.10500039 | K60: =K23 -> 0 | L60: =L23 -> 3.2307957

Sheet 1车间表3
B2: 选矿厂生产年累统计表 | O2: =(J13+K17)/(J7+K7)*100 -> #DIV/0!
O3: =(J14+K18)/(J8+K8)*100 -> 96.725985
J4: =基础数据!A2 -> 45836 | O4: =(J15+K19)/(J9+K9)*100 -> 97.922147
B5: 种类 | C5: 班别 | D5: 细度％ | E5: 磨矿时间（h） | F5: 干量（T） | G5: 品 位 | J5: 金 属 量 | O5: =(J16+K20)/(J10+K10)*100 -> 97.34854
G6: 铅（%） | H6: 锌（%） | I6: 银（g/t） | J6: 铅（T） | K6: 锌（T） | L6: 银（Kg）
B7: 原矿 | C7: 甲年累 | D7: =IF(ISERROR((D32*F32+'1车间表1'!D7*'1车间表1'!H7)/'1车间表3'!F7),"0.00",(D32*F32+'1车间表1'!D7*'1车间表1'!H7)/'1车间表3'!F7) -> 0.00 | E7: =E32+'1车间表1'!E7 -> 0 | F7: =F32+'1车间表1'!H7 -> 0 | G7: =IF(ISERROR(J7/F7*100),"0.00",J7/F7*100) -> 0.00 | H7: 0.77369581 | I7: =IF(ISERROR(L7/F7*1000),"0.00",L7/F7*1000) -> 0.00 | J7: =J32+'1车间表1'!M7 -> 0 | L7: =L32+'1车间表1'!O7 -> 0 | N7: =D7 -> 0.00 | O7: =F7/E7 -> #DIV/0! | P7: =#REF! -> #REF! | Q7: =G7 -> 0.00 | R7: =H7 -> 0.77369581 | S7: =I7 -> 0.00 | T7: =#REF! -> #REF! | U7: =#REF! -> #REF! | V7: =#REF! -> #REF! | W7: =#REF! -> #REF! | X7: =#REF! -> #REF! | Y7: =G13 -> 0.00 | Z7: =H13 -> 0 | AA7: =I13 -> 0.00 | AB7: =#REF! -> #REF! | AC7: =G17 -> 0 | AD7: =H17 -> 0 | AE7: =I17 -> 0 | AF7: =#REF! -> #REF! | AG7: =G21 -> 0.00 | AH7: =H21 -> 0 | AI7: =I21 -> 0.00 | AJ7: =#REF! -> #REF! | AK7: =D13 -> 0.00 | AL7: =D17 -> 0 | AM7: =E21 -> 0
C8: 乙年累 | D8: =IF(ISERROR((D33*F33+'1车间表1'!D8*'1车间表1'!H8)/'1车间表3'!F8),"0.00",(D33*F33+'1车间表1'!D8*'1车间表1'!H8)/'1车间表3'!F8) -> 0 | E8: =E33+'1车间表1'!E8 -> 8 | F8: =F33+'1车间表1'!H8 -> 124.16 | G8: =IF(ISERROR(J8/F8*100),"0.00",J8/F8*100) -> 3.75 | H8: 0.74011612 | I8: =IF(ISERROR(L8/F8*1000),"0.00",L8/F8*1000) -> 161 | J8: =J33+'1车间表1'!M8 -> 4.656 | L8: =L33+'1车间表1'!O8 -> 19.98976 | N8: =D8 -> 0 | O8: =F8/E8 -> 15.52 | P8: =#REF! -> #REF! | Q8: =G8 -> 3.75 | R8: =H8 -> 0.74011612 | S8: =I8 -> 161 | T8: =#REF! -> #REF! | U8: =#REF! -> #REF! | V8: =#REF! -> #REF! | W8: =#REF! -> #REF! | X8: =#REF! -> #REF! | Y8: =G14 -> 65.27 | Z8: =H14 -> 0 | AA8: =I14 -> 3352 | AB8: =#REF! -> #REF! | AC8: =G18 -> 0 | AD8: =H18 -> 0 | AE8: =I18 -> 0 | AF8: =#REF! -> #REF! | AG8: =G22 -> 0.13 | AH8: =H22 -> 0 | AI8: =I22 -> -26.766905 | AJ8: =#REF! -> #REF! | AK8: =D14 -> 96.725985 | AL8: =D18 -> 0 | AM8: =E22 -> 0
C9: 丙年累 | D9: =IF(ISERROR((D34*F34+'1车间表1'!D9*'1车间表1'!H9)/'1车间表3'!F9),"0.00",(D34*F34+'1车间表1'!D9*'1车间表1'!H9)/'1车间表3'!F9) -> 0 | E9: =E34+'1车间表1'!E9 -> 8 | F9: =F34+'1车间表1'!H9 -> 124.16 | G9: =IF(ISERROR(J9/F9*100),"0.00",J9/F9*100) -> 4.07 | H9: 1.084735 | I9: =IF(ISERROR(L9/F9*1000),"0.00",L9/F9*1000) -> 230 | J9: =J34+'1车间表1'!M9 -> 5.053312 | L9: =L34+'1车间表1'!O9 -> 28.5568 | N9: =D9 -> 0 | O9: =F9/E9 -> 15.52 | P9: =#REF! -> #REF! | Q9: =G9 -> 4.07 | R9: =H9 -> 1.084735 | S9: =I9 -> 230 | T9: =#REF! -> #REF! | U9: =#REF! -> #REF! | V9: =#REF! -> #REF! | W9: =#REF! -> #REF! | X9: =#REF! -> #REF! | Y9: =G15 -> 66.04 | Z9: =H15 -> 0 | AA9: =I15 -> 3380 | AB9: =#REF! -> #REF! | AC9: =G19 -> 0 | AD9: =H19 -> 0 | AE9: =I19 -> 0 | AF9: =#REF! -> #REF! | AG9: =G23 -> 0.09 | AH9: =H23 -> 0 | AI9: =I23 -> 27.692432 | AJ9: =#REF! -> #REF! | AK9: =D15 -> 97.922147 | AL9: =D19 -> 0 | AM9: =E23 -> 0
C10: 年累 | D10: =IF(ISERROR((D7*F7+D8*F8+D9*F9)/F10),"0.00",(D7*F7+D8*F8+D9*F9)/F10) -> 0 | E10: =E7+E8+E9 -> 16 | F10: =F7+F8+F9 -> 248.32 | G10: =IF(ISERROR(J10/F10*100),"0.00",J10/F10*100) -> 3.91 | H10: 0.88694437 | I10: =IF(ISERROR(L10/F10*1000),"0.00",L10/F10*1000) -> 195.5 | J10: =J7+J8+J9 -> 9.709312 | L10: =L7+L8+L9 -> 48.54656 | N10: =D10 -> 0 | O10: =F10/E10 -> 15.52 | P10: =#REF! -> #REF! | Q10: =G10 -> 3.91 | R10: =H10 -> 0.88694437 | S10: =I10 -> 195.5 | T10: =#REF! -> #REF! | U10: =#REF! -> #REF! | V10: =#REF! -> #REF! | W10: =#REF! -> #REF! | X10: =#REF! -> #REF! | Y10: =G16 -> 65.670863 | Z10: =H16 -> 0 | AA10: =I16 -> 3366.5768 | AB10: =#REF! -> #REF! | AC10: =G20 -> 0 | AD10: =H20 -> 0 | AE10: =I20 -> 0 | AF10: =#REF! -> #REF! | AG10: =G24 -> 0.1100507 | AH10: =H24 -> 0 | AI10: =I24 -> 0.39373621 | AJ10: =#REF! -> #REF! | AK10: =D16 -> 97.34854 | AL10: =D20 -> 0 | AM10: =E24 -> 0
B11: 种类 | C11: 班别 | D11: 回收率（%） | F11: 干量（T） | G11: 分 布 率 | J11: 金 属 量
D12: 铜铅锌 | E12: 银 | G12: 铅（%） | H12: 锌（%） | I12: 银（g/t） | J12: 铅（T） | K12: 锌（T） | L12: 银（Kg）
B13: 铅精 | C13: 甲年累 | D13: =IF(ISERROR(J13/J7*100),"0.00",J13/J7*100) -> 0.00 | E13: =IF(ISERROR(L13/L7*100),"0.00",L13/L7*100) -> 0.00 | F13: =F35+'1车间表1'!D14 -> 0 | G13: =IF(ISERROR(J13/F13*100),"0.00",J13/F13*100) -> 0.00 | I13: =IF(ISERROR(L13/F13*1000),"0.00",L13/F13*1000) -> 0.00 | J13: =J35+'1车间表1'!I14 -> 0 | L13: =L35+'1车间表1'!K14 -> 0 | N13: =#REF!/#REF!*100 -> #REF! | O13: =J13/J7*100 -> #DIV/0! | P13: =K13/K7*100 -> #DIV/0! | Q13: =L13/L7*100 -> #DIV/0! | S13: =P13 -> #DIV/0! | T13: =P17 -> #DIV/0! | U13: =#REF! -> #REF! | V13: =P21 -> #DIV/0! | W13: =S13+T13+U13+V13 -> #DIV/0!
C14: 乙年累 | D14: =IF(ISERROR(J14/J8*100),"0.00",J14/J8*100) -> 96.725985 | E14: =IF(ISERROR(L14/L8*100),"0.00",L14/L8*100) -> 115.70149 | F14: =F36+'1车间表1'!D15 -> 6.8998956 | G14: =IF(ISERROR(J14/F14*100),"0.00",J14/F14*100) -> 65.27 | I14: =IF(ISERROR(L14/F14*1000),"0.00",L14/F14*1000) -> 3352 | J14: =J36+'1车间表1'!I15 -> 4.5035619 | L14: =L36+'1车间表1'!K15 -> 23.12845 | N14: =#REF!/#REF!*100 -> #REF! | O14: =J14/J8*100 -> 96.725985 | P14: =K14/K8*100 -> #DIV/0! | Q14: =L14/L8*100 -> 115.70149 | S14: =P14 -> #DIV/0! | T14: =P18 -> #DIV/0! | U14: =#REF! -> #REF! | V14: =P22 -> #DIV/0! | W14: =S14+T14+U14+V14 -> #DIV/0!
C15: 丙年累 | D15: =IF(ISERROR(J15/J9*100),"0.00",J15/J9*100) -> 97.922147 | E15: =IF(ISERROR(L15/L9*100),"0.00",L15/L9*100) -> 88.686423 | F15: =F37+'1车间表1'!D16 -> 7.4929007 | G15: =IF(ISERROR(J15/F15*100),"0.00",J15/F15*100) -> 66.04 | I15: =IF(ISERROR(L15/F15*1000),"0.00",L15/F15*1000) -> 3380 | J15: =J37+'1车间表1'!I16 -> 4.9483116 | L15: =L37+'1车间表1'!K16 -> 25.326004 | N15: =#REF!/#REF!*100 -> #REF! | O15: =J15/J9*100 -> 97.922147 | P15: =K15/K9*100 -> #DIV/0! | Q15: =L15/L9*100 -> 88.686423 | S15: =P15 -> #DIV/0! | T15: =P19 -> #DIV/0! | U15: =#REF! -> #REF! | V15: =P23 -> #DIV/0! | W15: =S15+T15+U15+V15 -> #DIV/0!
C16: 年累 | D16: =IF(ISERROR(J16/J10*100),"0.00",J16/J10*100) -> 97.34854 | E16: =IF(ISERROR(L16/L10*100),"0.00",L16/L10*100) -> 99.810274 | F16: =F13+F14+F15 -> 14.392796 | G16: =IF(ISERROR(J16/F16*100),"0.00",J16/F16*100) -> 65.670863 | I16: =IF(ISERROR(L16/F16*1000),"0.00",L16/F16*1000) -> 3366.5768 | J16: =J13+J14+J15 -> 9.4518735 | L16: =L13+L14+L15 -> 48.454454 | N16: =#REF!/#REF!*100 -> #REF! | O16: =J16/J10*100 -> 97.34854 | P16: =K16/K10*100 -> #DIV/0! | Q16: =L16/L10*100 -> 99.810274 | S16: =P16 -> #DIV/0! | T16: =P20 -> #DIV/0! | U16: =#REF! -> #REF! | V16: =P24 -> #DIV/0! | W16: =S16+T16+U16+V16 -> #DIV/0!
B17: 锌精 | C17: 甲年累 | N17: =#REF!/#REF!*100 -> #REF! | O17: =J17/J7*100 -> #DIV/0! | P17: =K17/K7*100 -> #DIV/0! | Q17: =L17/L7*100 -> #DIV/0! | S17: =N13 -> #REF! | T17: =N17 -> #REF! | U17: =#REF! -> #REF! | V17: =N21 -> #REF! | W17: =S17+T17+U17+V17 -> #REF!
C18: 乙年累 | N18: =#REF!/#REF!*100 -> #REF! | O18: =J18/J8*100 -> 0 | P18: =K18/K8*100 -> #DIV/0! | Q18: =L18/L8*100 -> 0 | S18: =N14 -> #REF! | T18: =N18 -> #REF! | U18: =#REF! -> #REF! | V18: =N22 -> #REF! | W18: =S18+T18+U18+V18 -> #REF!
C19: 丙年累 | N19: =#REF!/#REF!*100 -> #REF! | O19: =J19/J9*100 -> 0 | P19: =K19/K9*100 -> #DIV/0! | Q19: =L19/L9*100 -> 0 | S19: =N15 -> #REF! | T19: =N19 -> #REF! | U19: =#REF! -> #REF! | V19: =N23 -> #REF! | W19: =S19+T19+U19+V19 -> #REF!
C20: 年累 | N20: =#REF!/#REF!*100 -> #REF! | O20: =J20/J10*100 -> 0 | P20: =K20/K10*100 -> #DIV/0! | Q20: =L20/L10*100 -> 0 | S20: =N16 -> #REF! | T20: =N20 -> #REF! | U20: =#REF! -> #REF! | V20: =N24 -> #REF! | W20: =S20+T20+U20+V20 -> #REF!
B21: 尾矿 | C21: 甲年累 | F21: =F41+'1车间表1'!D24 -> 0 | G21: =IF(ISERROR(J21/F21*100),"0.00",J21/F21*100) -> 0.00 | I21: =IF(ISERROR(L21/F21*1000),"0.00",L21/F21*1000) -> 0.00 | J21: =J41+'1车间表1'!I24 -> 0 | L21: =L41+'1车间表1'!K24 -> 0 | N21: =#REF!/#REF!*100 -> #REF! | O21: =J21/J7*100 -> #DIV/0! | P21: =K21/K7*100 -> #DIV/0! | Q21: =L21/L7*100 -> #DIV/0! | S21: =Q13 -> #DIV/0! | T21: =Q17 -> #DIV/0! | U21: =#REF! -> #REF! | V21: =Q21 -> #DIV/0! | W21: =S21+T21+U21+V21 -> #DIV/0!
C22: 乙年累 | F22: =F42+'1车间表1'!D25 -> 117.2601 | G22: =IF(ISERROR(J22/F22*100),"0.00",J22/F22*100) -> 0.13 | I22: =IF(ISERROR(L22/F22*1000),"0.00",L22/F22*1000) -> -26.766905 | J22: =J42+'1车间表1'!I25 -> 0.15243814 | L22: =L42+'1车间表1'!K25 -> -3.1386901 | N22: =#REF!/#REF!*100 -> #REF! | O22: =J22/J8*100 -> 3.2740149 | P22: =K22/K8*100 -> #DIV/0! | Q22: =L22/L8*100 -> -15.70149 | S22: =Q14 -> 115.70149 | T22: =Q18 -> 0 | U22: =#REF! -> #REF! | V22: =Q22 -> -15.70149 | W22: =S22+T22+U22+V22 -> #REF!
C23: 丙年累 | F23: =F43+'1车间表1'!D26 -> 116.6671 | G23: =IF(ISERROR(J23/F23*100),"0.00",J23/F23*100) -> 0.09 | I23: =IF(ISERROR(L23/F23*1000),"0.00",L23/F23*1000) -> 27.692432 | J23: =J43+'1车间表1'!I26 -> 0.10500039 | L23: =L43+'1车间表1'!K26 -> 3.2307957 | N23: =#REF!/#REF!*100 -> #REF! | O23: =J23/J9*100 -> 2.0778529 | P23: =K23/K9*100 -> #DIV/0! | Q23: =L23/L9*100 -> 11.313577 | S23: =Q15 -> 88.686423 | T23: =Q19 -> 0 | U23: =#REF! -> #REF! | V23: =Q23 -> 11.313577 | W23: =S23+T23+U23+V23 -> #REF!
C24: 年累 | F24: =F21+F22+F23 -> 233.9272 | G24: =IF(ISERROR(J24/F24*100),"0.00",J24/F24*100) -> 0.1100507 | I24: =IF(ISERROR(L24/F24*1000),"0.00",L24/F24*1000) -> 0.39373621 | J24: =J21+J22+J23 -> 0.25743853 | L24: =L21+L22+L23 -> 0.092105611 | N24: =#REF!/#REF!*100 -> #REF! | O24: =J24/J10*100 -> 2.65146 | P24: =K24/K10*100 -> #DIV/0! | Q24: =L24/L10*100 -> 0.18972634 | S24: =Q16 -> 99.810274 | T24: =Q20 -> 0 | U24: =#REF! -> #REF! | V24: =Q24 -> 0.18972634 | W24: =S24+T24+U24+V24 -> #REF!
C25: 质检负责人：
D29: 昨日年累：
B30: 种类 | C30: 班别 | D30: 细度％ | E30: 磨矿时间（h） | F30: 干量（T）
G31: 铅（%） | H31: 锌（%） | I31: 银（g/t） | J31: 铅（T） | K31: 锌（T） | L31: 银（Kg）
B32: 原矿 | C32: （一）累
C33: （二）累
C34: （三）累
B35: 铅精 | C35: （一）累
C36: （二）累
C37: （三）累
B38: 锌精 | C38: （一）累
C39: （二）累
C40: （三）累
B41: 尾矿 | C41: （一）累
C42: （二）累
C43: （三）累
D46: 今日年累：
B47: 种类 | C47: 班别 | D47: 细度％ | E47: 磨矿时间（h） | F47: 干量（T）
G48: 铅（%） | H48: 锌（%） | I48: 银（g/t） | J48: 铅（T） | K48: 锌（T） | L48: 银（Kg）
B49: 原矿 | C49: （一）累 | D49: =D7 -> 0.00 | E49: =E7 -> 0 | F49: =F7 -> 0 | J49: =J7 -> 0 | K49: =K7 -> 0 | L49: =L7 -> 0
C50: （二）累 | D50: =D8 -> 0 | E50: =E8 -> 8 | F50: =F8 -> 124.16 | J50: =J8 -> 4.656 | K50: =K8 -> 0 | L50: =L8 -> 19.98976
C51: （三）累 | D51: =D9 -> 0 | E51: =E9 -> 8 | F51: =F9 -> 124.16 | J51: =J9 -> 5.053312 | K51: =K9 -> 0 | L51: =L9 -> 28.5568
B52: 铅精 | C52: （一）累 | F52: =F13 -> 0 | J52: =J13 -> 0 | K52: =K13 -> 0 | L52: =L13 -> 0
C53: （二）累 | F53: =F14 -> 6.8998956 | J53: =J14 -> 4.5035619 | K53: =K14 -> 0 | L53: =L14 -> 23.12845
C54: （三）累 | F54: =F15 -> 7.4929007 | J54: =J15 -> 4.9483116 | K54: =K15 -> 0 | L54: =L15 -> 25.326004
B55: 锌精 | C55: （一）累 | F55: =F17 -> 0 | J55: =J17 -> 0 | K55: =K17 -> 0 | L55: =L17 -> 0
C56: （二）累 | F56: =F18 -> 0 | J56: =J18 -> 0 | K56: =K18 -> 0 | L56: =L18 -> 0
C57: （三）累 | F57: =F19 -> 0 | J57: =J19 -> 0 | K57: =K19 -> 0 | L57: =L19 -> 0
B58: 尾矿 | C58: （一）累 | F58: =F21 -> 0 | J58: =J21 -> 0 | K58: =K21 -> 0 | L58: =L21 -> 0
C59: （二）累 | F59: =F22 -> 117.2601 | J59: =J22 -> 0.15243814 | K59: =K22 -> 0 | L59: =L22 -> -3.1386901
C60: （三）累 | F60: =F23 -> 116.6671 | J60: =J23 -> 0.10500039 | K60: =K23 -> 0 | L60: =L23 -> 3.2307957

Sheet 1系统周表
B2: 荣达选矿厂隆腾矿生产日报一系统(周表） | O2: =(J13+K17)/(J7+K7)*100 -> 97.308219
O3: =(J14+K18)/(J8+K8)*100 -> 96.725985
J4: =基础数据!A2 -> 45836 | O4: =(J15+K19)/(J9+K9)*100 -> 97.922147
B5: 种类 | C5: 班别 | D5: 细度％ | E5: 磨矿时间（h） | F5: 干量（T） | O5: =(J16+K20)/(J10+K10)*100 -> 97.312632
G6: 铅（%） | H6: 锌（%） | I6: 银（g/t） | J6: 铅（T） | K6: 锌（T） | L6: 银（Kg）
B7: 原矿 | C7: 甲周累 | D7: =IF(ISERROR((D32*F32+'1车间表1'!D7*'1车间表1'!H7)/'1系统周表'!F7),"0.00",(D32*F32+'1车间表1'!D7*'1车间表1'!H7)/'1系统周表'!F7) -> 45.6 | E7: =E32+'1车间表1'!E7 -> 9 | F7: =F32+'1车间表1'!H7 -> 752.39671 | G7: =IF(ISERROR(J7/F7*100),"0.00",J7/F7*100) -> 10.5 | I7: =IF(ISERROR(L7/F7*1000),"0.00",L7/F7*1000) -> 570 | J7: =J32+'1车间表1'!M7 -> 79.001655 | L7: =L32+'1车间表1'!O7 -> 428.86613 | N7: =D7 -> 45.6 | O7: =F7/E7 -> 83.599635 | P7: =#REF! -> #REF! | Q7: =G7 -> 10.5 | R7: =H7 -> 0 | S7: =I7 -> 570 | T7: =#REF! -> #REF! | U7: =#REF! -> #REF! | V7: =#REF! -> #REF! | W7: =#REF! -> #REF! | X7: =#REF! -> #REF! | Y7: =G13 -> 60.56 | Z7: =H13 -> 0 | AA7: =I13 -> 3299 | AB7: =#REF! -> #REF! | AC7: =G17 -> 0 | AD7: =H17 -> 0 | AE7: =I17 -> 0 | AF7: =#REF! -> #REF! | AG7: =G21 -> 0.34 | AH7: =H21 -> 0 | AI7: =I21 -> 16.131842 | AJ7: =#REF! -> #REF! | AK7: =D13 -> 97.308219 | AL7: =D17 -> 0 | AM7: =E21 -> 0
C8: 乙周累 | D8: =IF(ISERROR((D33*F33+'1车间表1'!D8*'1车间表1'!H8)/'1系统周表'!F8),"0.00",(D33*F33+'1车间表1'!D8*'1车间表1'!H8)/'1系统周表'!F8) -> 0 | E8: =E33+'1车间表1'!E8 -> 8 | F8: =F33+'1车间表1'!H8 -> 124.16 | G8: =IF(ISERROR(J8/F8*100),"0.00",J8/F8*100) -> 3.75 | I8: =IF(ISERROR(L8/F8*1000),"0.00",L8/F8*1000) -> 161 | J8: =J33+'1车间表1'!M8 -> 4.656 | L8: =L33+'1车间表1'!O8 -> 19.98976 | N8: =D8 -> 0 | O8: =F8/E8 -> 15.52 | P8: =#REF! -> #REF! | Q8: =G8 -> 3.75 | R8: =H8 -> 0 | S8: =I8 -> 161 | T8: =#REF! -> #REF! | U8: =#REF! -> #REF! | V8: =#REF! -> #REF! | W8: =#REF! -> #REF! | X8: =#REF! -> #REF! | Y8: =G14 -> 65.27 | Z8: =H14 -> 0 | AA8: =I14 -> 3352 | AB8: =#REF! -> #REF! | AC8: =G18 -> 0 | AD8: =H18 -> 0 | AE8: =I18 -> 0 | AF8: =#REF! -> #REF! | AG8: =G22 -> 0.13 | AH8: =H22 -> 0 | AI8: =I22 -> -26.766905 | AJ8: =#REF! -> #REF! | AK8: =D14 -> 96.725985 | AL8: =D18 -> 0 | AM8: =E22 -> 0
C9: 丙周累 | D9: =IF(ISERROR((D34*F34+'1车间表1'!D9*'1车间表1'!H9)/'1系统周表'!F9),"0.00",(D34*F34+'1车间表1'!D9*'1车间表1'!H9)/'1系统周表'!F9) -> 0 | E9: =E34+'1车间表1'!E9 -> 8 | F9: =F34+'1车间表1'!H9 -> 124.16 | G9: =IF(ISERROR(J9/F9*100),"0.00",J9/F9*100) -> 4.07 | I9: =IF(ISERROR(L9/F9*1000),"0.00",L9/F9*1000) -> 230 | J9: =J34+'1车间表1'!M9 -> 5.053312 | L9: =L34+'1车间表1'!O9 -> 28.5568 | N9: =D9 -> 0 | O9: =F9/E9 -> 15.52 | P9: =#REF! -> #REF! | Q9: =G9 -> 4.07 | R9: =H9 -> 0 | S9: =I9 -> 230 | T9: =#REF! -> #REF! | U9: =#REF! -> #REF! | V9: =#REF! -> #REF! | W9: =#REF! -> #REF! | X9: =#REF! -> #REF! | Y9: =G15 -> 66.04 | Z9: =H15 -> 0 | AA9: =I15 -> 3380 | AB9: =#REF! -> #REF! | AC9: =G19 -> 0 | AD9: =H19 -> 0 | AE9: =I19 -> 0 | AF9: =#REF! -> #REF! | AG9: =G23 -> 0.09 | AH9: =H23 -> 0 | AI9: =I23 -> 27.692432 | AJ9: =#REF! -> #REF! | AK9: =D15 -> 97.922147 | AL9: =D19 -> 0 | AM9: =E23 -> 0
C10: 周累 | D10: =IF(ISERROR((D7*F7+D8*F8+D9*F9)/F10),"0.00",(D7*F7+D8*F8+D9*F9)/F10) -> 34.284718 | E10: =E7+E8+E9 -> 25 | F10: =F7+F8+F9 -> 1000.7167 | G10: =IF(ISERROR(J10/F10*100),"0.00",J10/F10*100) -> 8.8647432 | I10: =IF(ISERROR(L10/F10*1000),"0.00",L10/F10*1000) -> 477.07076 | J10: =J7+J8+J9 -> 88.710967 | L10: =L7+L8+L9 -> 477.41269 | N10: =D10 -> 34.284718 | O10: =F10/E10 -> 40.028669 | P10: =#REF! -> #REF! | Q10: =G10 -> 8.8647432 | R10: =H10 -> 0 | S10: =I10 -> 477.07076 | T10: =#REF! -> #REF! | U10: =#REF! -> #REF! | V10: =#REF! -> #REF! | W10: =#REF! -> #REF! | X10: =#REF! -> #REF! | Y10: =G16 -> 61.080469 | Z10: =H16 -> 0 | AA10: =I16 -> 3305.8817 | AB10: =#REF! -> #REF! | AC10: =G20 -> 0 | AD10: =H20 -> 0 | AE10: =I20 -> 0 | AF10: =#REF! -> #REF! | AG10: =G24 -> 0.277407 | AH10: =H24 -> 0 | AI10: =I24 -> 11.847874 | AJ10: =#REF! -> #REF! | AK10: =D16 -> 97.312632 | AL10: =D20 -> 0 | AM10: =E24 -> 0
B11: 种类 | C11: 班别 | D11: 回收率（%） | F11: 干量（T）
D12: 铜铅锌 | E12: 银 | G12: 铅（%） | I12: 银（g/t） | J12: 铅（T） | K12: 锌（T） | L12: 银（Kg）
B13: 铅精 | C13: 甲周累 | D13: =IF(ISERROR(J13/J7*100),"0.00",J13/J7*100) -> 97.308219 | E13: =IF(ISERROR(L13/L7*100),"0.00",L13/L7*100) -> 97.64734 | F13: =F35+'1车间表1'!D14 -> 126.9404 | G13: =IF(ISERROR(J13/F13*100),"0.00",J13/F13*100) -> 60.56 | I13: =IF(ISERROR(L13/F13*1000),"0.00",L13/F13*1000) -> 3299 | J13: =J35+'1车间表1'!I14 -> 76.875103 | L13: =L35+'1车间表1'!K14 -> 418.77636 | N13: =#REF!/#REF!*100 -> #REF! | O13: =J13/J7*100 -> 97.308219 | P13: =K13/K7*100 -> #DIV/0! | Q13: =L13/L7*100 -> 97.64734 | S13: =P13 -> #DIV/0! | T13: =P17 -> #DIV/0! | U13: =#REF! -> #REF! | V13: =P21 -> #DIV/0! | W13: =S13+T13+U13+V13 -> #DIV/0!
C14: 乙周累 | D14: =IF(ISERROR(J14/J8*100),"0.00",J14/J8*100) -> 96.725985 | E14: =IF(ISERROR(L14/L8*100),"0.00",L14/L8*100) -> 115.70149 | F14: =F36+'1车间表1'!D15 -> 6.8998956 | G14: =IF(ISERROR(J14/F14*100),"0.00",J14/F14*100) -> 65.27 | I14: =IF(ISERROR(L14/F14*1000),"0.00",L14/F14*1000) -> 3352 | J14: =J36+'1车间表1'!I15 -> 4.5035619 | L14: =L36+'1车间表1'!K15 -> 23.12845 | N14: =#REF!/#REF!*100 -> #REF! | O14: =J14/J8*100 -> 96.725985 | P14: =K14/K8*100 -> #DIV/0! | Q14: =L14/L8*100 -> 115.70149 | S14: =P14 -> #DIV/0! | T14: =P18 -> #DIV/0! | U14: =#REF! -> #REF! | V14: =P22 -> #DIV/0! | W14: =S14+T14+U14+V14 -> #DIV/0!
C15: 丙周累 | D15: =IF(ISERROR(J15/J9*100),"0.00",J15/J9*100) -> 97.922147 | E15: =IF(ISERROR(L15/L9*100),"0.00",L15/L9*100) -> 88.686423 | F15: =F37+'1车间表1'!D16 -> 7.4929007 | G15: =IF(ISERROR(J15/F15*100),"0.00",J15/F15*100) -> 66.04 | I15: =IF(ISERROR(L15/F15*1000),"0.00",L15/F15*1000) -> 3380 | J15: =J37+'1车间表1'!I16 -> 4.9483116 | L15: =L37+'1车间表1'!K16 -> 25.326004 | N15: =#REF!/#REF!*100 -> #REF! | O15: =J15/J9*100 -> 97.922147 | P15: =K15/K9*100 -> #DIV/0! | Q15: =L15/L9*100 -> 88.686423 | S15: =P15 -> #DIV/0! | T15: =P19 -> #DIV/0! | U15: =#REF! -> #REF! | V15: =P23 -> #DIV/0! | W15: =S15+T15+U15+V15 -> #DIV/0!
C16: 周累 | D16: =IF(ISERROR(J16/J10*100),"0.00",J16/J10*100) -> 97.312632 | E16: =IF(ISERROR(L16/L10*100),"0.00",L16/L10*100) -> 97.867282 | F16: =F13+F14+F15 -> 141.33319 | G16: =IF(ISERROR(J16/F16*100),"0.00",J16/F16*100) -> 61.080469 | I16: =IF(ISERROR(L16/F16*1000),"0.00",L16/F16*1000) -> 3305.8817 | J16: =J13+J14+J15 -> 86.326977 | L16: =L13+L14+L15 -> 467.23082 | N16: =#REF!/#REF!*100 -> #REF! | O16: =J16/J10*100 -> 97.312632 | P16: =K16/K10*100 -> #DIV/0! | Q16: =L16/L10*100 -> 97.867282 | S16: =P16 -> #DIV/0! | T16: =P20 -> #DIV/0! | U16: =#REF! -> #REF! | V16: =P24 -> #DIV/0! | W16: =S16+T16+U16+V16 -> #DIV/0!
B17: 锌精 | C17: 甲周累 | N17: =#REF!/#REF!*100 -> #REF! | O17: =J17/J7*100 -> 0 | P17: =K17/K7*100 -> #DIV/0! | Q17: =L17/L7*100 -> 0 | S17: =N13 -> #REF! | T17: =N17 -> #REF! | U17: =#REF! -> #REF! | V17: =N21 -> #REF! | W17: =S17+T17+U17+V17 -> #REF!
C18: 乙周累 | N18: =#REF!/#REF!*100 -> #REF! | O18: =J18/J8*100 -> 0 | P18: =K18/K8*100 -> #DIV/0! | Q18: =L18/L8*100 -> 0 | S18: =N14 -> #REF! | T18: =N18 -> #REF! | U18: =#REF! -> #REF! | V18: =N22 -> #REF! | W18: =S18+T18+U18+V18 -> #REF!
C19: 丙周累 | N19: =#REF!/#REF!*100 -> #REF! | O19: =J19/J9*100 -> 0 | P19: =K19/K9*100 -> #DIV/0! | Q19: =L19/L9*100 -> 0 | S19: =N15 -> #REF! | T19: =N19 -> #REF! | U19: =#REF! -> #REF! | V19: =N23 -> #REF! | W19: =S19+T19+U19+V19 -> #REF!
C20: 周累 | N20: =#REF!/#REF!*100 -> #REF! | O20: =J20/J10*100 -> 0 | P20: =K20/K10*100 -> #DIV/0! | Q20: =L20/L10*100 -> 0 | S20: =N16 -> #REF! | T20: =N20 -> #REF! | U20: =#REF! -> #REF! | V20: =N24 -> #REF! | W20: =S20+T20+U20+V20 -> #REF!
B21: 尾矿 | C21: 甲周累 | F21: =F41+'1车间表1'!D24 -> 625.45632 | G21: =IF(ISERROR(J21/F21*100),"0.00",J21/F21*100) -> 0.34 | I21: =IF(ISERROR(L21/F21*1000),"0.00",L21/F21*1000) -> 16.131842 | J21: =J41+'1车间表1'!I24 -> 2.1265515 | L21: =L41+'1车间表1'!K24 -> 10.089762 | N21: =#REF!/#REF!*100 -> #REF! | O21: =J21/J7*100 -> 2.6917809 | P21: =K21/K7*100 -> #DIV/0! | Q21: =L21/L7*100 -> 2.3526601 | S21: =Q13 -> 97.64734 | T21: =Q17 -> 0 | U21: =#REF! -> #REF! | V21: =Q21 -> 2.3526601 | W21: =S21+T21+U21+V21 -> #REF!
C22: 乙周累 | F22: =F42+'1车间表1'!D25 -> 117.2601 | G22: =IF(ISERROR(J22/F22*100),"0.00",J22/F22*100) -> 0.13 | I22: =IF(ISERROR(L22/F22*1000),"0.00",L22/F22*1000) -> -26.766905 | J22: =J42+'1车间表1'!I25 -> 0.15243814 | L22: =L42+'1车间表1'!K25 -> -3.1386901 | N22: =#REF!/#REF!*100 -> #REF! | O22: =J22/J8*100 -> 3.2740149 | P22: =K22/K8*100 -> #DIV/0! | Q22: =L22/L8*100 -> -15.70149 | S22: =Q14 -> 115.70149 | T22: =Q18 -> 0 | U22: =#REF! -> #REF! | V22: =Q22 -> -15.70149 | W22: =S22+T22+U22+V22 -> #REF!
C23: 丙周累 | F23: =F43+'1车间表1'!D26 -> 116.6671 | G23: =IF(ISERROR(J23/F23*100),"0.00",J23/F23*100) -> 0.09 | I23: =IF(ISERROR(L23/F23*1000),"0.00",L23/F23*1000) -> 27.692432 | J23: =J43+'1车间表1'!I26 -> 0.10500039 | L23: =L43+'1车间表1'!K26 -> 3.2307957 | N23: =#REF!/#REF!*100 -> #REF! | O23: =J23/J9*100 -> 2.0778529 | P23: =K23/K9*100 -> #DIV/0! | Q23: =L23/L9*100 -> 11.313577 | S23: =Q15 -> 88.686423 | T23: =Q19 -> 0 | U23: =#REF! -> #REF! | V23: =Q23 -> 11.313577 | W23: =S23+T23+U23+V23 -> #REF!
C24: 周累 | F24: =F21+F22+F23 -> 859.38352 | G24: =IF(ISERROR(J24/F24*100),"0.00",J24/F24*100) -> 0.277407 | I24: =IF(ISERROR(L24/F24*1000),"0.00",L24/F24*1000) -> 11.847874 | J24: =J21+J22+J23 -> 2.38399 | L24: =L21+L22+L23 -> 10.181868 | N24: =#REF!/#REF!*100 -> #REF! | O24: =J24/J10*100 -> 2.6873679 | P24: =K24/K10*100 -> #DIV/0! | Q24: =L24/L10*100 -> 2.1327184 | S24: =Q16 -> 97.867282 | T24: =Q20 -> 0 | U24: =#REF! -> #REF! | V24: =Q24 -> 2.1327184 | W24: =S24+T24+U24+V24 -> #REF!
C25: 质检负责人：
D29: 昨日周累：
B30: 种类 | C30: 班别 | D30: 细度％ | E30: 磨矿时间（h） | F30: 干量（T）
G31: 铅（%） | H31: 锌（%） | I31: 银（g/t） | J31: 铅（T） | K31: 锌（T） | L31: 银（Kg）
B32: 原矿 | C32: （一）累 | D32: 45.6 | E32: 9 | F32: 752.39671 | J32: 79.001655 | K32: 0 | L32: 428.86613
C33: （二）累 | D33: 0.00 | E33: 0 | F33: 0 | J33: 0 | K33: 0 | L33: 0
C34: （三）累 | D34: 0.00 | E34: 0 | F34: 0 | J34: 0 | K34: 0 | L34: 0
B35: 铅精 | C35: （一）累 | F35: 126.9404 | J35: 76.875103 | K35: 0 | L35: 418.77636
C36: （二）累 | F36: 0 | J36: 0 | K36: 0 | L36: 0
C37: （三）累 | F37: 0 | J37: 0 | K37: 0 | L37: 0
B38: 锌精 | C38: （一）累 | F38: 0 | J38: 0 | K38: 0 | L38: 0
C39: （二）累 | F39: 0 | J39: 0 | K39: 0 | L39: 0
C40: （三）累 | F40: 0 | J40: 0 | K40: 0 | L40: 0
B41: 尾矿 | C41: （一）累 | F41: 625.45632 | J41: 2.1265515 | K41: 0 | L41: 10.089762
C42: （二）累 | F42: 0 | J42: 0 | K42: 0 | L42: 0
C43: （三）累 | F43: 0 | J43: 0 | K43: 0 | L43: 0
D46: 今日周累：
B47: 种类 | C47: 班别 | D47: 细度％ | E47: 磨矿时间（h） | F47: 干量（T）
G48: 铅（%） | H48: 锌（%） | I48: 银（g/t） | J48: 铅（T） | K48: 锌（T） | L48: 银（Kg）
B49: 原矿 | C49: （一）累 | D49: =D7 -> 45.6 | E49: =E7 -> 9 | F49: =F7 -> 752.39671 | J49: =J7 -> 79.001655 | K49: =K7 -> 0 | L49: =L7 -> 428.86613
C50: （二）累 | D50: =D8 -> 0 | E50: =E8 -> 8 | F50: =F8 -> 124.16 | J50: =J8 -> 4.656 | K50: =K8 -> 0 | L50: =L8 -> 19.98976
C51: （三）累 | D51: =D9 -> 0 | E51: =E9 -> 8 | F51: =F9 -> 124.16 | J51: =J9 -> 5.053312 | K51: =K9 -> 0 | L51: =L9 -> 28.5568
B52: 铅精 | C52: （一）累 | F52: =F13 -> 126.9404 | J52: =J13 -> 76.875103 | K52: =K13 -> 0 | L52: =L13 -> 418.77636
C53: （二）累 | F53: =F14 -> 6.8998956 | J53: =J14 -> 4.5035619 | K53: =K14 -> 0 | L53: =L14 -> 23.12845
C54: （三）累 | F54: =F15 -> 7.4929007 | J54: =J15 -> 4.9483116 | K54: =K15 -> 0 | L54: =L15 -> 25.326004
B55: 锌精 | C55: （一）累 | F55: =F17 -> 0 | J55: =J17 -> 0 | K55: =K17 -> 0 | L55: =L17 -> 0
C56: （二）累 | F56: =F18 -> 0 | J56: =J18 -> 0 | K56: =K18 -> 0 | L56: =L18 -> 0
C57: （三）累 | F57: =F19 -> 0 | J57: =J19 -> 0 | K57: =K19 -> 0 | L57: =L19 -> 0
B58: 尾矿 | C58: （一）累 | F58: =F21 -> 625.45632 | J58: =J21 -> 2.1265515 | K58: =K21 -> 0 | L58: =L21 -> 10.089762
C59: （二）累 | F59: =F22 -> 117.2601 | J59: =J22 -> 0.15243814 | K59: =K22 -> 0 | L59: =L22 -> -3.1386901
C60: （三）累 | F60: =F23 -> 116.6671 | J60: =J23 -> 0.10500039 | K60: =K23 -> 0 | L60: =L23 -> 3.2307957

Sheet 2车间表1
B2: 荣达选矿厂生产隆腾矿日报表（金属平衡表）
M4: =基础数据!A2 -> 45836
B5: 种类 | C5: 班别 | D5: 细度％ | E5: 磨矿时间（h） | F5: 处 理 量 | I5: 品 位 | L5: 金 属 量
F6: 湿量（T） | G6: 水份（%） | H6: 干量（T） | I6: 铅（%） | J6: 锌（%） | K6: 银（g/t） | L6: 铜（T） | M6: 铅（T） | N6: 锌（T） | O6: 银（Kg）
B7: 原矿 | C7: A | D7: =基础数据!N7 -> 0 | E7: =基础数据!N5 -> 0 | F7: =基础数据!N6 -> 0 | G7: =基础数据!N9 -> 0 | H7: =F7*(1-G7%) -> 0 | I7: =基础数据!J5 -> 0 | K7: =基础数据!L5 -> 0 | M7: =H7*I7/100 -> 0 | O7: =H7*K7/1000 -> 0
C8: B | D8: =基础数据!N19 -> 0 | E8: =基础数据!N17 -> 0 | F8: =基础数据!N18 -> 0 | G8: =基础数据!N21 -> 0 | H8: =F8*(1-G8%) -> 0 | I8: =基础数据!J17 -> 0 | K8: =基础数据!L17 -> 0 | M8: =H8*I8/100 -> 0 | O8: =H8*K8/1000 -> 0
C9: C | D9: =基础数据!N31 -> 0 | E9: =基础数据!N29 -> 0 | F9: =基础数据!N30 -> 0 | G9: =基础数据!N33 -> 0 | H9: =F9*(1-G9%) -> 0 | I9: =基础数据!J29 -> 0 | K9: =基础数据!L29 -> 0 | M9: =H9*I9/100 -> 0 | O9: =H9*K9/1000 -> 0
C10: 日累 | D10: =IF(ISERROR((D7*H7+D8*H8+D9*H9)/(H7+H8+H9)),"0.00",(D7*H7+D8*H8+D9*H9)/(H7+H8+H9)) -> 0.00 | E10: =E7+E8+E9 -> 0 | F10: =F7+F8+F9 -> 0 | G10: =IF(ISERROR((F10-H10)/F10*100),"0.00",(F10-H10)/F10*100) -> 0.00 | H10: =H7+H8+H9 -> 0 | I10: =IF(ISERROR(M10/H10*100),"0.00",M10/H10*100) -> 0.00 | K10: =IF(ISERROR(O10/H10*1000),"0",O10/H10*1000) -> 0 | M10: =M7+M8+M9 -> 0 | O10: =O7+O8+O9 -> 0
C11: 月累 | D11: =IF(ISERROR((D35*H35+H10*D10)/H11),"0.00",(D35*H35+H10*D10)/H11) -> 0.00 | E11: =E10+E35 -> 0 | F11: =F10+F35 -> 0 | G11: =IF(ISERROR((F11-H11)/F11*100),"0.00",(F11-H11)/F11*100) -> 0.00 | H11: =H10+H35 -> 0 | I11: =IF(ISERROR(M11/H11*100),"0.00",M11/H11*100) -> 0.00 | K11: =IF(ISERROR(O11/H11*1000),"0",O11/H11*1000) -> 0 | M11: =M10+M35 -> 0 | O11: =O10+O35 -> 0
B12: 种类 | C12: 班别 | D12: 干量（T） | E12: 分 布 率 | I12: 金 属 量 | L12: 回收率（%） | N12: 产率（%） | O12: 富集比
E13: 铜（%） | F13: 铅（%） | G13: 锌（%） | H13: 银（g/t） | I13: 铅（T） | J13: 锌（T） | K13: 银（Kg） | L13: 铜铅锌 | M13: 银
B14: 铅精矿 | C14: A | D14: =N14*H7/100 -> 0 | F14: =基础数据!J11 -> 0 | H14: =基础数据!L11 -> 0 | I14: =D14*F14/100 -> 0 | K14: =D14*H14/1000 -> 0 | L14: =O14*N14 -> 0 | M14: =IF(ISERROR(H14/K7*N14),"0.00",H14/K7*N14) -> 0.00 | N14: =IF(ISERROR(S14/T14),"0.00",S14/T14) -> 0.00 | O14: =IF(ISERROR(F14/I7),"0.00",F14/I7) -> 0.00 | S14: =(I7-F24)*100 -> 0 | T14: =F14-F24 -> 0
C15: B | D15: =N15*H8/100 -> 0 | F15: =基础数据!J23 -> 0 | H15: =基础数据!L23 -> 0 | I15: =D15*F15/100 -> 0 | K15: =D15*H15/1000 -> 0 | L15: =O15*N15 -> 0 | M15: =IF(ISERROR(H15/K8*N15),"0.00",H15/K8*N15) -> 0.00 | N15: =IF(ISERROR(S15/T15),"0.00",S15/T15) -> 0.00 | O15: =IF(ISERROR(F15/I8),"0.00",F15/I8) -> 0.00 | S15: =(I8-F25)*100 -> 0 | T15: =F15-F25 -> 0
C16: C | D16: =N16*H9/100 -> 0 | F16: =基础数据!J35 -> 0 | H16: =基础数据!L35 -> 0 | I16: =D16*F16/100 -> 0 | K16: =D16*H16/1000 -> 0 | L16: =O16*N16 -> 0 | M16: =IF(ISERROR(H16/K9*N16),"0.00",H16/K9*N16) -> 0.00 | N16: =IF(ISERROR(S16/T16),"0.00",S16/T16) -> 0.00 | O16: =IF(ISERROR(F16/I9),"0.00",F16/I9) -> 0.00 | S16: =(I9-F26)*100 -> 0 | T16: =F16-F26 -> 0
C17: 日累 | D17: =D14+D15+D16 -> 0 | F17: =IF(ISERROR(I17/D17*100),"0.00",I17/D17*100) -> 0.00 | H17: =IF(ISERROR(K17/D17*1000),"0",K17/D17*1000) -> 0 | I17: =I14+I15+I16 -> 0 | K17: =K14+K15+K16 -> 0 | L17: =IF(ISERROR(I17/M10*100),"0.00",I17/M10*100) -> 0.00 | M17: =IF(ISERROR(K17/O10*100),"0.00",K17/O10*100) -> 0.00 | N17: =IF(ISERROR(L17/O17),"0.00",L17/O17) -> 0.00 | O17: =IF(ISERROR(F17/I10),"0.00",F17/I10) -> 0.00
C18: 月累 | D18: =D17+D36 -> 0 | F18: =IF(ISERROR(I18/D18*100),"0.00",I18/D18*100) -> 0.00 | H18: =IF(ISERROR(K18/D18*1000),"0",K18/D18*1000) -> 0 | I18: =I17+I36 -> 0 | K18: =K17+K36 -> 0 | L18: =IF(ISERROR(I18/M11*100),"0.00",I18/M11*100) -> 0.00 | M18: =IF(ISERROR(K18/O11*100),"0.00",K18/O11*100) -> 0.00 | N18: =IF(ISERROR(L18/O18),"0.00",L18/O18) -> 0.00 | O18: =IF(ISERROR(F18/I11),"0.00",F18/I11) -> 0.00
B19: 锌精矿 | C19: A
C20: B
C21: C
C22: 日累
C23: 月累
B24: 尾矿 | C24: A | D24: =H7-D14-D19 -> 0 | F24: =基础数据!J13 -> 0 | H24: =基础数据!L13 -> 0 | I24: =M7-I14-I19 -> 0 | K24: =O7-K14-K19 -> 0
C25: B | D25: =H8-D15-D20 -> 0 | F25: =基础数据!J25 -> 0 | H25: =基础数据!L25 -> 0 | I25: =M8-I15-I20 -> 0 | K25: =O8-K15-K20 -> 0
C26: C | D26: =H9-D16-D21 -> 0 | F26: =基础数据!J37 -> 0 | H26: =基础数据!L37 -> 0 | I26: =M9-I16-I21 -> 0 | K26: =O9-K16-K21 -> 0
C27: 日累 | D27: =D24+D25+D26 -> 0 | F27: =IF(ISERROR(I27/D27*100),"0.00",I27/D27*100) -> 0.00 | H27: =IF(ISERROR(K27/D27*1000),"0",K27/D27*1000) -> 0 | I27: =I24+I25+I26 -> 0 | K27: =K24+K25+K26 -> 0
C28: 月累 | D28: =D27+D38 -> 0 | F28: =IF(ISERROR(I28/D28*100),"0.00",I28/D28*100) -> 0.00 | H28: =IF(ISERROR(K28/D28*1000),"0",K28/D28*1000) -> 0 | I28: =I27+I38 -> 0 | K28: =K27+K38 -> 0
D29: 质检负责人： | K29: 制表人：
C34: 昨日月累：
B35: 原矿月累
B36: 铅精月累
B37: 锌精月累
B38: 尾矿月累
C44: 今日月累：
B45: 原矿月累 | D45: =D11 -> 0.00 | E45: =E11 -> 0 | F45: =F11 -> 0 | H45: =H11 -> 0 | L45: =L11 -> 0 | M45: =M11 -> 0 | N45: =N11 -> 0 | O45: =O11 -> 0
B46: 铅精月累 | D46: =D18 -> 0 | I46: =I18 -> 0 | J46: =J18 -> 0 | K46: =K18 -> 0
B47: 锌精月累 | D47: =D23 -> 0 | I47: =I23 -> 0 | J47: =J23 -> 0 | K47: =K23 -> 0
B48: 尾矿月累 | D48: =D28 -> 0 | I48: =I28 -> 0 | J48: =J28 -> 0 | K48: =K28 -> 0

Sheet 2车间表2
B2: 荣达选矿厂生产隆腾矿月累统计表 | O2: =(J13+K17)/(J7+K7)*100 -> #DIV/0!
O3: =(J14+K18)/(J8+K8)*100 -> #DIV/0!
J4: =基础数据!A2 -> 45836 | O4: =(J15+K19)/(J9+K9)*100 -> #DIV/0!
B5: 种类 | C5: 班别 | D5: 细度％ | E5: 磨矿时间（h） | F5: 干量（T） | G5: 原矿品位 | J5: 原矿金属量 | O5: =(J16+K20)/(J10+K10)*100 -> #DIV/0!
G6: 铅（%） | H6: 锌（%） | I6: 银（g/t） | J6: 铅（T） | K6: 锌（T） | L6: 银（Kg）
B7: 原矿 | C7: A月累 | D7: =IF(ISERROR((D32*F32+'2车间表1'!D7*'2车间表1'!H7)/'2车间表2'!F7),"0.00",(D32*F32+'2车间表1'!D7*'2车间表1'!H7)/'2车间表2'!F7) -> 0.00 | E7: =E32+'2车间表1'!E7 -> 0 | F7: =F32+'2车间表1'!H7 -> 0 | G7: =IF(ISERROR(J7/F7*100),"0.00",J7/F7*100) -> 0.00 | I7: =IF(ISERROR(L7/F7*1000),"0",L7/F7*1000) -> 0 | J7: =J32+'2车间表1'!M7 -> 0 | L7: =L32+'2车间表1'!O7 -> 0 | N7: =D7 -> 0.00 | O7: =F7/E7 -> #DIV/0! | P7: =#REF! -> #REF! | Q7: =G7 -> 0.00 | R7: =H7 -> 0 | S7: =I7 -> 0 | T7: =#REF! -> #REF! | U7: =#REF! -> #REF! | V7: =#REF! -> #REF! | W7: =#REF! -> #REF! | X7: =#REF! -> #REF! | Y7: =G13 -> 0.00 | Z7: =H13 -> 0 | AA7: =I13 -> 0 | AB7: =#REF! -> #REF! | AC7: =G17 -> 0 | AD7: =H17 -> 0 | AE7: =I17 -> 0 | AF7: =#REF! -> #REF! | AG7: =G21 -> 0.00 | AH7: =H21 -> 0 | AI7: =I21 -> 0 | AJ7: =#REF! -> #REF! | AK7: =D13 -> 0.00 | AL7: =D17 -> 0 | AM7: =E21 -> 0
C8: B月累 | D8: =IF(ISERROR((D33*F33+'2车间表1'!D8*'2车间表1'!H8)/'2车间表2'!F8),"0.00",(D33*F33+'2车间表1'!D8*'2车间表1'!H8)/'2车间表2'!F8) -> 0.00 | E8: =E33+'2车间表1'!E8 -> 0 | F8: =F33+'2车间表1'!H8 -> 0 | G8: =IF(ISERROR(J8/F8*100),"0.00",J8/F8*100) -> 0.00 | I8: =IF(ISERROR(L8/F8*1000),"0",L8/F8*1000) -> 0 | J8: =J33+'2车间表1'!M8 -> 0 | L8: =L33+'2车间表1'!O8 -> 0 | N8: =D8 -> 0.00 | O8: =F8/E8 -> #DIV/0! | P8: =#REF! -> #REF! | Q8: =G8 -> 0.00 | R8: =H8 -> 0 | S8: =I8 -> 0 | T8: =#REF! -> #REF! | U8: =#REF! -> #REF! | V8: =#REF! -> #REF! | W8: =#REF! -> #REF! | X8: =#REF! -> #REF! | Y8: =G14 -> 0.00 | Z8: =H14 -> 0 | AA8: =I14 -> 0 | AB8: =#REF! -> #REF! | AC8: =G18 -> 0 | AD8: =H18 -> 0 | AE8: =I18 -> 0 | AF8: =#REF! -> #REF! | AG8: =G22 -> 0.00 | AH8: =H22 -> 0 | AI8: =I22 -> 0 | AJ8: =#REF! -> #REF! | AK8: =D14 -> 0.00 | AL8: =D18 -> 0 | AM8: =E22 -> 0
C9: C月累 | D9: =IF(ISERROR((D34*F34+'2车间表1'!D9*'2车间表1'!H9)/'2车间表2'!F9),"0.00",(D34*F34+'2车间表1'!D9*'2车间表1'!H9)/'2车间表2'!F9) -> 0.00 | E9: =E34+'2车间表1'!E9 -> 0 | F9: =F34+'2车间表1'!H9 -> 0 | G9: =IF(ISERROR(J9/F9*100),"0.00",J9/F9*100) -> 0.00 | I9: =IF(ISERROR(L9/F9*1000),"0",L9/F9*1000) -> 0 | J9: =J34+'2车间表1'!M9 -> 0 | L9: =L34+'2车间表1'!O9 -> 0 | N9: =D9 -> 0.00 | O9: =F9/E9 -> #DIV/0! | P9: =#REF! -> #REF! | Q9: =G9 -> 0.00 | R9: =H9 -> 0 | S9: =I9 -> 0 | T9: =#REF! -> #REF! | U9: =#REF! -> #REF! | V9: =#REF! -> #REF! | W9: =#REF! -> #REF! | X9: =#REF! -> #REF! | Y9: =G15 -> 0.00 | Z9: =H15 -> 0 | AA9: =I15 -> 0 | AB9: =#REF! -> #REF! | AC9: =G19 -> 0 | AD9: =H19 -> 0 | AE9: =I19 -> 0 | AF9: =#REF! -> #REF! | AG9: =G23 -> 0.00 | AH9: =H23 -> 0 | AI9: =I23 -> 0 | AJ9: =#REF! -> #REF! | AK9: =D15 -> 0.00 | AL9: =D19 -> 0 | AM9: =E23 -> 0
C10: 月累 | D10: =IF(ISERROR((D7*F7+D8*F8+D9*F9)/F10),"0.00",(D7*F7+D8*F8+D9*F9)/F10) -> 0.00 | E10: =E7+E8+E9 -> 0 | F10: =F7+F8+F9 -> 0 | G10: =IF(ISERROR(J10/F10*100),"0.00",J10/F10*100) -> 0.00 | I10: =IF(ISERROR(L10/F10*1000),"0",L10/F10*1000) -> 0 | J10: =J7+J8+J9 -> 0 | L10: =L7+L8+L9 -> 0 | N10: =D10 -> 0.00 | O10: =F10/E10 -> #DIV/0! | P10: =#REF! -> #REF! | Q10: =G10 -> 0.00 | R10: =H10 -> 0 | S10: =I10 -> 0 | T10: =#REF! -> #REF! | U10: =#REF! -> #REF! | V10: =#REF! -> #REF! | W10: =#REF! -> #REF! | X10: =#REF! -> #REF! | Y10: =G16 -> 0.00 | Z10: =H16 -> 0 | AA10: =I16 -> 0 | AB10: =#REF! -> #REF! | AC10: =G20 -> 0 | AD10: =H20 -> 0 | AE10: =I20 -> 0 | AF10: =#REF! -> #REF! | AG10: =G24 -> 0.00 | AH10: =H24 -> 0 | AI10: =I24 -> 0 | AJ10: =#REF! -> #REF! | AK10: =D16 -> 0.00 | AL10: =D20 -> 0 | AM10: =E24 -> 0
B11: 种类 | C11: 班别 | D11: 回收率（%） | F11: 干量（T） | G11: 分 布 率 | J11: 金 属 量
D12: 铜铅锌 | E12: 银 | G12: 铅（%） | H12: 锌（%） | I12: 银（g/t） | J12: 铅（T） | L12: 银（Kg）
B13: 铅精 | C13: A月累 | D13: =IF(ISERROR(J13/J7*100),"0.00",J13/J7*100) -> 0.00 | E13: =IF(ISERROR(L13/L7*100),"0.00",L13/L7*100) -> 0.00 | F13: =F35+'2车间表1'!D14 -> 0 | G13: =IF(ISERROR(J13/F13*100),"0.00",J13/F13*100) -> 0.00 | I13: =IF(ISERROR(L13/F13*1000),"0",L13/F13*1000) -> 0 | J13: =J35+'2车间表1'!I14 -> 0 | L13: =L35+'2车间表1'!K14 -> 0 | N13: =#REF!/#REF!*100 -> #REF! | O13: =J13/J7*100 -> #DIV/0! | P13: =K13/K7*100 -> #DIV/0! | Q13: =L13/L7*100 -> #DIV/0! | S13: =P13 -> #DIV/0! | T13: =P17 -> #DIV/0! | U13: =#REF! -> #REF! | V13: =P21 -> #DIV/0! | W13: =S13+T13+U13+V13 -> #DIV/0!
C14: B月累 | D14: =IF(ISERROR(J14/J8*100),"0.00",J14/J8*100) -> 0.00 | E14: =IF(ISERROR(L14/L8*100),"0.00",L14/L8*100) -> 0.00 | F14: =F36+'2车间表1'!D15 -> 0 | G14: =IF(ISERROR(J14/F14*100),"0.00",J14/F14*100) -> 0.00 | I14: =IF(ISERROR(L14/F14*1000),"0",L14/F14*1000) -> 0 | J14: =J36+'2车间表1'!I15 -> 0 | L14: =L36+'2车间表1'!K15 -> 0 | N14: =#REF!/#REF!*100 -> #REF! | O14: =J14/J8*100 -> #DIV/0! | P14: =K14/K8*100 -> #DIV/0! | Q14: =L14/L8*100 -> #DIV/0! | S14: =P14 -> #DIV/0! | T14: =P18 -> #DIV/0! | U14: =#REF! -> #REF! | V14: =P22 -> #DIV/0! | W14: =S14+T14+U14+V14 -> #DIV/0!
C15: C月累 | D15: =IF(ISERROR(J15/J9*100),"0.00",J15/J9*100) -> 0.00 | E15: =IF(ISERROR(L15/L9*100),"0.00",L15/L9*100) -> 0.00 | F15: =F37+'2车间表1'!D16 -> 0 | G15: =IF(ISERROR(J15/F15*100),"0.00",J15/F15*100) -> 0.00 | I15: =IF(ISERROR(L15/F15*1000),"0",L15/F15*1000) -> 0 | J15: =J37+'2车间表1'!I16 -> 0 | L15: =L37+'2车间表1'!K16 -> 0 | N15: =#REF!/#REF!*100 -> #REF! | O15: =J15/J9*100 -> #DIV/0! | P15: =K15/K9*100 -> #DIV/0! | Q15: =L15/L9*100 -> #DIV/0! | S15: =P15 -> #DIV/0! | T15: =P19 -> #DIV/0! | U15: =#REF! -> #REF! | V15: =P23 -> #DIV/0! | W15: =S15+T15+U15+V15 -> #DIV/0!
C16: 月累 | D16: =IF(ISERROR(J16/J10*100),"0.00",J16/J10*100) -> 0.00 | E16: =IF(ISERROR(L16/L10*100),"0.00",L16/L10*100) -> 0.00 | F16: =F13+F14+F15 -> 0 | G16: =IF(ISERROR(J16/F16*100),"0.00",J16/F16*100) -> 0.00 | I16: =IF(ISERROR(L16/F16*1000),"0",L16/F16*1000) -> 0 | J16: =J13+J14+J15 -> 0 | L16: =L13+L14+L15 -> 0 | N16: =#REF!/#REF!*100 -> #REF! | O16: =J16/J10*100 -> #DIV/0! | P16: =K16/K10*100 -> #DIV/0! | Q16: =L16/L10*100 -> #DIV/0! | S16: =P16 -> #DIV/0! | T16: =P20 -> #DIV/0! | U16: =#REF! -> #REF! | V16: =P24 -> #DIV/0! | W16: =S16+T16+U16+V16 -> #DIV/0!
B17: 锌精 | C17: A月累 | N17: =#REF!/#REF!*100 -> #REF! | O17: =J17/J7*100 -> #DIV/0! | P17: =K17/K7*100 -> #DIV/0! | Q17: =L17/L7*100 -> #DIV/0! | S17: =N13 -> #REF! | T17: =N17 -> #REF! | U17: =#REF! -> #REF! | V17: =N21 -> #REF! | W17: =S17+T17+U17+V17 -> #REF!
C18: B月累 | N18: =#REF!/#REF!*100 -> #REF! | O18: =J18/J8*100 -> #DIV/0! | P18: =K18/K8*100 -> #DIV/0! | Q18: =L18/L8*100 -> #DIV/0! | S18: =N14 -> #REF! | T18: =N18 -> #REF! | U18: =#REF! -> #REF! | V18: =N22 -> #REF! | W18: =S18+T18+U18+V18 -> #REF!
C19: C月累 | N19: =#REF!/#REF!*100 -> #REF! | O19: =J19/J9*100 -> #DIV/0! | P19: =K19/K9*100 -> #DIV/0! | Q19: =L19/L9*100 -> #DIV/0! | S19: =N15 -> #REF! | T19: =N19 -> #REF! | U19: =#REF! -> #REF! | V19: =N23 -> #REF! | W19: =S19+T19+U19+V19 -> #REF!
C20: 月累 | N20: =#REF!/#REF!*100 -> #REF! | O20: =J20/J10*100 -> #DIV/0! | P20: =K20/K10*100 -> #DIV/0! | Q20: =L20/L10*100 -> #DIV/0! | S20: =N16 -> #REF! | T20: =N20 -> #REF! | U20: =#REF! -> #REF! | V20: =N24 -> #REF! | W20: =S20+T20+U20+V20 -> #REF!
B21: 尾矿 | C21: A月累 | F21: =F41+'2车间表1'!D24 -> 0 | G21: =IF(ISERROR(J21/F21*100),"0.00",J21/F21*100) -> 0.00 | I21: =IF(ISERROR(L21/F21*1000),"0",L21/F21*1000) -> 0 | J21: =J41+'2车间表1'!I24 -> 0 | L21: =L41+'2车间表1'!K24 -> 0 | N21: =#REF!/#REF!*100 -> #REF! | O21: =J21/J7*100 -> #DIV/0! | P21: =K21/K7*100 -> #DIV/0! | Q21: =L21/L7*100 -> #DIV/0! | S21: =Q13 -> #DIV/0! | T21: =Q17 -> #DIV/0! | U21: =#REF! -> #REF! | V21: =Q21 -> #DIV/0! | W21: =S21+T21+U21+V21 -> #DIV/0!
C22: B月累 | F22: =F42+'2车间表1'!D25 -> 0 | G22: =IF(ISERROR(J22/F22*100),"0.00",J22/F22*100) -> 0.00 | I22: =IF(ISERROR(L22/F22*1000),"0",L22/F22*1000) -> 0 | J22: =J42+'2车间表1'!I25 -> 0 | L22: =L42+'2车间表1'!K25 -> 0 | N22: =#REF!/#REF!*100 -> #REF! | O22: =J22/J8*100 -> #DIV/0! | P22: =K22/K8*100 -> #DIV/0! | Q22: =L22/L8*100 -> #DIV/0! | S22: =Q14 -> #DIV/0! | T22: =Q18 -> #DIV/0! | U22: =#REF! -> #REF! | V22: =Q22 -> #DIV/0! | W22: =S22+T22+U22+V22 -> #DIV/0!
C23: C月累 | F23: =F43+'2车间表1'!D26 -> 0 | G23: =IF(ISERROR(J23/F23*100),"0.00",J23/F23*100) -> 0.00 | I23: =IF(ISERROR(L23/F23*1000),"0",L23/F23*1000) -> 0 | J23: =J43+'2车间表1'!I26 -> 0 | L23: =L43+'2车间表1'!K26 -> 0 | N23: =#REF!/#REF!*100 -> #REF! | O23: =J23/J9*100 -> #DIV/0! | P23: =K23/K9*100 -> #DIV/0! | Q23: =L23/L9*100 -> #DIV/0! | S23: =Q15 -> #DIV/0! | T23: =Q19 -> #DIV/0! | U23: =#REF! -> #REF! | V23: =Q23 -> #DIV/0! | W23: =S23+T23+U23+V23 -> #DIV/0!
C24: 月累 | F24: =F21+F22+F23 -> 0 | G24: =IF(ISERROR(J24/F24*100),"0.00",J24/F24*100) -> 0.00 | I24: =IF(ISERROR(L24/F24*1000),"0",L24/F24*1000) -> 0 | J24: =J21+J22+J23 -> 0 | L24: =L21+L22+L23 -> 0 | N24: =#REF!/#REF!*100 -> #REF! | O24: =J24/J10*100 -> #DIV/0! | P24: =K24/K10*100 -> #DIV/0! | Q24: =L24/L10*100 -> #DIV/0! | S24: =Q16 -> #DIV/0! | T24: =Q20 -> #DIV/0! | U24: =#REF! -> #REF! | V24: =Q24 -> #DIV/0! | W24: =S24+T24+U24+V24 -> #DIV/0!
C25: 质检负责人：
D29: 昨日月累：
B30: 种类 | C30: 班别 | D30: 细度％ | E30: 磨矿时间（h） | F30: 干量（T） | G30: 金属量 | J30: 金属量
G31: 铅（%） | H31: 锌（%） | I31: 银（g/t） | J31: 铅（T） | K31: 锌（T） | L31: 银（Kg）
B32: 原矿 | C32: 一月累
C33: 二月累
C34: 三月累
B35: 铅精 | C35: 一月累
C36: 二月累
C37: 三月累
B38: 锌精 | C38: 一月累
C39: 二月累
C40: 三月累
B41: 尾矿 | C41: 一月累
C42: 二月累
C43: 三月累
D46: 今日月累：
B47: 种类 | C47: 班别 | D47: 细度％ | E47: 磨矿时间（h） | F47: 干量（T） | G47: 金属量 | J47: 金属量
G48: 铅（%） | H48: 锌（%） | I48: 银（g/t） | J48: 铅（T） | K48: 锌（T） | L48: 银（Kg）
B49: 原矿 | C49: 一月累 | D49: =D7 -> 0.00 | E49: =E7 -> 0 | F49: =F7 -> 0 | J49: =J7 -> 0 | K49: =K7 -> 0 | L49: =L7 -> 0
C50: 二月累 | D50: =D8 -> 0.00 | E50: =E8 -> 0 | F50: =F8 -> 0 | J50: =J8 -> 0 | K50: =K8 -> 0 | L50: =L8 -> 0
C51: 三月累 | D51: =D9 -> 0.00 | E51: =E9 -> 0 | F51: =F9 -> 0 | J51: =J9 -> 0 | K51: =K9 -> 0 | L51: =L9 -> 0
B52: 铅精 | C52: 一月累 | F52: =F13 -> 0 | J52: =J13 -> 0 | K52: =K13 -> 0 | L52: =L13 -> 0
C53: 二月累 | F53: =F14 -> 0 | J53: =J14 -> 0 | K53: =K14 -> 0 | L53: =L14 -> 0
C54: 三月累 | F54: =F15 -> 0 | J54: =J15 -> 0 | K54: =K15 -> 0 | L54: =L15 -> 0
B55: 锌精 | C55: 一月累 | F55: =F17 -> 0 | J55: =J17 -> 0 | K55: =K17 -> 0 | L55: =L17 -> 0
C56: 二月累 | F56: =F18 -> 0 | J56: =J18 -> 0 | K56: =K18 -> 0 | L56: =L18 -> 0
C57: 三月累 | F57: =F19 -> 0 | J57: =J19 -> 0 | K57: =K19 -> 0 | L57: =L19 -> 0
B58: 尾矿 | C58: 一月累 | F58: =F21 -> 0 | J58: =J21 -> 0 | K58: =K21 -> 0 | L58: =L21 -> 0
C59: 二月累 | F59: =F22 -> 0 | J59: =J22 -> 0 | K59: =K22 -> 0 | L59: =L22 -> 0
C60: 三月累 | F60: =F23 -> 0 | J60: =J23 -> 0 | K60: =K23 -> 0 | L60: =L23 -> 0

Sheet 2车间表3
B2: 荣达选矿厂生产隆腾矿年累统计表 | O2: =(J13+K17)/(J7+K7)*100 -> #DIV/0!
O3: =(J14+K18)/(J8+K8)*100 -> #DIV/0!
J4: =基础数据!A2 -> 45836 | O4: =(J15+K19)/(J9+K9)*100 -> #DIV/0!
B5: 种类 | C5: 班别 | D5: 细度％ | E5: 磨矿时间（h） | F5: 干量（T） | G5: 原矿品位 | J5: 原矿金属量 | O5: =(J16+K20)/(J10+K10)*100 -> #DIV/0!
G6: 铅（%） | H6: 锌（%） | I6: 银（g/t） | J6: 铅（T） | K6: 锌（T） | L6: 银（Kg）
B7: 原矿 | C7: A年累 | D7: =IF(ISERROR((D32*F32+'2车间表1'!D7*'2车间表1'!H7)/'2车间表3'!F7),"0.00",(D32*F32+'2车间表1'!D7*'2车间表1'!H7)/'2车间表3'!F7) -> 0.00 | E7: =E32+'2车间表1'!E7 -> 0 | F7: =F32+'2车间表1'!H7 -> 0 | G7: =IF(ISERROR(J7/F7*100),"0.00",J7/F7*100) -> 0.00 | I7: =IF(ISERROR(L7/F7*1000),"0.00",L7/F7*1000) -> 0.00 | J7: =J32+'2车间表1'!M7 -> 0 | L7: =L32+'2车间表1'!O7 -> 0 | N7: =D7 -> 0.00 | O7: =F7/E7 -> #DIV/0! | P7: =#REF! -> #REF! | Q7: =G7 -> 0.00 | R7: =H7 -> 0 | S7: =I7 -> 0.00 | T7: =#REF! -> #REF! | U7: =#REF! -> #REF! | V7: =#REF! -> #REF! | W7: =#REF! -> #REF! | X7: =#REF! -> #REF! | Y7: =G13 -> 0.00 | Z7: =H13 -> 0 | AA7: =I13 -> 0.00 | AB7: =#REF! -> #REF! | AC7: =G17 -> 0 | AD7: =H17 -> 0 | AE7: =I17 -> 0 | AF7: =#REF! -> #REF! | AG7: =G21 -> 0.00 | AH7: =H21 -> 0 | AI7: =I21 -> 0.00 | AJ7: =#REF! -> #REF! | AK7: =D13 -> 0.00 | AL7: =D17 -> 0 | AM7: =E21 -> 0
C8: B年累 | D8: =IF(ISERROR((D33*F33+'2车间表1'!D8*'2车间表1'!H8)/'2车间表3'!F8),"0.00",(D33*F33+'2车间表1'!D8*'2车间表1'!H8)/'2车间表3'!F8) -> 0.00 | E8: =E33+'2车间表1'!E8 -> 0 | F8: =F33+'2车间表1'!H8 -> 0 | G8: =IF(ISERROR(J8/F8*100),"0.00",J8/F8*100) -> 0.00 | I8: =IF(ISERROR(L8/F8*1000),"0.00",L8/F8*1000) -> 0.00 | J8: =J33+'2车间表1'!M8 -> 0 | L8: =L33+'2车间表1'!O8 -> 0 | N8: =D8 -> 0.00 | O8: =F8/E8 -> #DIV/0! | P8: =#REF! -> #REF! | Q8: =G8 -> 0.00 | R8: =H8 -> 0 | S8: =I8 -> 0.00 | T8: =#REF! -> #REF! | U8: =#REF! -> #REF! | V8: =#REF! -> #REF! | W8: =#REF! -> #REF! | X8: =#REF! -> #REF! | Y8: =G14 -> 0.00 | Z8: =H14 -> 0 | AA8: =I14 -> 0.00 | AB8: =#REF! -> #REF! | AC8: =G18 -> 0 | AD8: =H18 -> 0 | AE8: =I18 -> 0 | AF8: =#REF! -> #REF! | AG8: =G22 -> 0.00 | AH8: =H22 -> 0 | AI8: =I22 -> 0.00 | AJ8: =#REF! -> #REF! | AK8: =D14 -> 0.00 | AL8: =D18 -> 0 | AM8: =E22 -> 0
C9: C年累 | D9: =IF(ISERROR((D34*F34+'2车间表1'!D9*'2车间表1'!H9)/'2车间表3'!F9),"0.00",(D34*F34+'2车间表1'!D9*'2车间表1'!H9)/'2车间表3'!F9) -> 0.00 | E9: =E34+'2车间表1'!E9 -> 0 | F9: =F34+'2车间表1'!H9 -> 0 | G9: =IF(ISERROR(J9/F9*100),"0.00",J9/F9*100) -> 0.00 | I9: =IF(ISERROR(L9/F9*1000),"0.00",L9/F9*1000) -> 0.00 | J9: =J34+'2车间表1'!M9 -> 0 | L9: =L34+'2车间表1'!O9 -> 0 | N9: =D9 -> 0.00 | O9: =F9/E9 -> #DIV/0! | P9: =#REF! -> #REF! | Q9: =G9 -> 0.00 | R9: =H9 -> 0 | S9: =I9 -> 0.00 | T9: =#REF! -> #REF! | U9: =#REF! -> #REF! | V9: =#REF! -> #REF! | W9: =#REF! -> #REF! | X9: =#REF! -> #REF! | Y9: =G15 -> 0.00 | Z9: =H15 -> 0 | AA9: =I15 -> 0.00 | AB9: =#REF! -> #REF! | AC9: =G19 -> 0 | AD9: =H19 -> 0 | AE9: =I19 -> 0 | AF9: =#REF! -> #REF! | AG9: =G23 -> 0.00 | AH9: =H23 -> 0 | AI9: =I23 -> 0.00 | AJ9: =#REF! -> #REF! | AK9: =D15 -> 0.00 | AL9: =D19 -> 0 | AM9: =E23 -> 0
C10: 年累 | D10: =IF(ISERROR((D7*F7+D8*F8+D9*F9)/F10),"0.00",(D7*F7+D8*F8+D9*F9)/F10) -> 0.00 | E10: =E7+E8+E9 -> 0 | F10: =F7+F8+F9 -> 0 | G10: =IF(ISERROR(J10/F10*100),"0.00",J10/F10*100) -> 0.00 | I10: =IF(ISERROR(L10/F10*1000),"0.00",L10/F10*1000) -> 0.00 | J10: =J7+J8+J9 -> 0 | L10: =L7+L8+L9 -> 0 | N10: =D10 -> 0.00 | O10: =F10/E10 -> #DIV/0! | P10: =#REF! -> #REF! | Q10: =G10 -> 0.00 | R10: =H10 -> 0 | S10: =I10 -> 0.00 | T10: =#REF! -> #REF! | U10: =#REF! -> #REF! | V10: =#REF! -> #REF! | W10: =#REF! -> #REF! | X10: =#REF! -> #REF! | Y10: =G16 -> 0.00 | Z10: =H16 -> 0 | AA10: =I16 -> 0.00 | AB10: =#REF! -> #REF! | AC10: =G20 -> 0 | AD10: =H20 -> 0 | AE10: =I20 -> 0 | AF10: =#REF! -> #REF! | AG10: =G24 -> 0.00 | AH10: =H24 -> 0 | AI10: =I24 -> 0.00 | AJ10: =#REF! -> #REF! | AK10: =D16 -> 0.00 | AL10: =D20 -> 0 | AM10: =E24 -> 0
B11: 种类 | C11: 班别 | D11: 回收率（%） | F11: 干量（T） | G11: 分 布 率 | J11: 金 属 量
D12: 铜铅锌 | E12: 银 | G12: 铅（%） | H12: 锌（%） | I12: 银（g/t） | J12: 铅（T） | K12: 锌（T） | L12: 银（Kg）
B13: 铅精 | C13: A年累 | D13: =IF(ISERROR(J13/J7*100),"0.00",J13/J7*100) -> 0.00 | E13: =IF(ISERROR(L13/L7*100),"0.00",L13/L7*100) -> 0.00 | F13: =F35+'2车间表1'!D14 -> 0 | G13: =IF(ISERROR(J13/F13*100),"0.00",J13/F13*100) -> 0.00 | I13: =IF(ISERROR(L13/F13*1000),"0.00",L13/F13*1000) -> 0.00 | J13: =J35+'2车间表1'!I14 -> 0 | L13: =L35+'2车间表1'!K14 -> 0 | N13: =#REF!/#REF!*100 -> #REF! | O13: =J13/J7*100 -> #DIV/0! | P13: =K13/K7*100 -> #DIV/0! | Q13: =L13/L7*100 -> #DIV/0! | S13: =P13 -> #DIV/0! | T13: =P17 -> #DIV/0! | U13: =#REF! -> #REF! | V13: =P21 -> #DIV/0! | W13: =S13+T13+U13+V13 -> #DIV/0!
C14: B年累 | D14: =IF(ISERROR(J14/J8*100),"0.00",J14/J8*100) -> 0.00 | E14: =IF(ISERROR(L14/L8*100),"0.00",L14/L8*100) -> 0.00 | F14: =F36+'2车间表1'!D15 -> 0 | G14: =IF(ISERROR(J14/F14*100),"0.00",J14/F14*100) -> 0.00 | I14: =IF(ISERROR(L14/F14*1000),"0.00",L14/F14*1000) -> 0.00 | J14: =J36+'2车间表1'!I15 -> 0 | L14: =L36+'2车间表1'!K15 -> 0 | N14: =#REF!/#REF!*100 -> #REF! | O14: =J14/J8*100 -> #DIV/0! | P14: =K14/K8*100 -> #DIV/0! | Q14: =L14/L8*100 -> #DIV/0! | S14: =P14 -> #DIV/0! | T14: =P18 -> #DIV/0! | U14: =#REF! -> #REF! | V14: =P22 -> #DIV/0! | W14: =S14+T14+U14+V14 -> #DIV/0!
C15: C年累 | D15: =IF(ISERROR(J15/J9*100),"0.00",J15/J9*100) -> 0.00 | E15: =IF(ISERROR(L15/L9*100),"0.00",L15/L9*100) -> 0.00 | F15: =F37+'2车间表1'!D16 -> 0 | G15: =IF(ISERROR(J15/F15*100),"0.00",J15/F15*100) -> 0.00 | I15: =IF(ISERROR(L15/F15*1000),"0.00",L15/F15*1000) -> 0.00 | J15: =J37+'2车间表1'!I16 -> 0 | L15: =L37+'2车间表1'!K16 -> 0 | N15: =#REF!/#REF!*100 -> #REF! | O15: =J15/J9*100 -> #DIV/0! | P15: =K15/K9*100 -> #DIV/0! | Q15: =L15/L9*100 -> #DIV/0! | S15: =P15 -> #DIV/0! | T15: =P19 -> #DIV/0! | U15: =#REF! -> #REF! | V15: =P23 -> #DIV/0! | W15: =S15+T15+U15+V15 -> #DIV/0!
C16: 年累 | D16: =IF(ISERROR(J16/J10*100),"0.00",J16/J10*100) -> 0.00 | E16: =IF(ISERROR(L16/L10*100),"0.00",L16/L10*100) -> 0.00 | F16: =F13+F14+F15 -> 0 | G16: =IF(ISERROR(J16/F16*100),"0.00",J16/F16*100) -> 0.00 | I16: =IF(ISERROR(L16/F16*1000),"0.00",L16/F16*1000) -> 0.00 | J16: =J13+J14+J15 -> 0 | L16: =L13+L14+L15 -> 0 | N16: =#REF!/#REF!*100 -> #REF! | O16: =J16/J10*100 -> #DIV/0! | P16: =K16/K10*100 -> #DIV/0! | Q16: =L16/L10*100 -> #DIV/0! | S16: =P16 -> #DIV/0! | T16: =P20 -> #DIV/0! | U16: =#REF! -> #REF! | V16: =P24 -> #DIV/0! | W16: =S16+T16+U16+V16 -> #DIV/0!
B17: 锌精 | C17: A年累 | N17: =#REF!/#REF!*100 -> #REF! | O17: =J17/J7*100 -> #DIV/0! | P17: =K17/K7*100 -> #DIV/0! | Q17: =L17/L7*100 -> #DIV/0! | S17: =N13 -> #REF! | T17: =N17 -> #REF! | U17: =#REF! -> #REF! | V17: =N21 -> #REF! | W17: =S17+T17+U17+V17 -> #REF!
C18: B年累 | N18: =#REF!/#REF!*100 -> #REF! | O18: =J18/J8*100 -> #DIV/0! | P18: =K18/K8*100 -> #DIV/0! | Q18: =L18/L8*100 -> #DIV/0! | S18: =N14 -> #REF! | T18: =N18 -> #REF! | U18: =#REF! -> #REF! | V18: =N22 -> #REF! | W18: =S18+T18+U18+V18 -> #REF!
C19: C年累 | N19: =#REF!/#REF!*100 -> #REF! | O19: =J19/J9*100 -> #DIV/0! | P19: =K19/K9*100 -> #DIV/0! | Q19: =L19/L9*100 -> #DIV/0! | S19: =N15 -> #REF! | T19: =N19 -> #REF! | U19: =#REF! -> #REF! | V19: =N23 -> #REF! | W19: =S19+T19+U19+V19 -> #REF!
C20: 年累 | N20: =#REF!/#REF!*100 -> #REF! | O20: =J20/J10*100 -> #DIV/0! | P20: =K20/K10*100 -> #DIV/0! | Q20: =L20/L10*100 -> #DIV/0! | S20: =N16 -> #REF! | T20: =N20 -> #REF! | U20: =#REF! -> #REF! | V20: =N24 -> #REF! | W20: =S20+T20+U20+V20 -> #REF!
B21: 尾矿 | C21: A年累 | F21: =F41+'2车间表1'!D24 -> 0 | G21: =IF(ISERROR(J21/F21*100),"0.00",J21/F21*100) -> 0.00 | I21: =IF(ISERROR(L21/F21*1000),"0.00",L21/F21*1000) -> 0.00 | J21: =J41+'2车间表1'!I24 -> 0 | L21: =L41+'2车间表1'!K24 -> 0 | N21: =#REF!/#REF!*100 -> #REF! | O21: =J21/J7*100 -> #DIV/0! | P21: =K21/K7*100 -> #DIV/0! | Q21: =L21/L7*100 -> #DIV/0! | S21: =Q13 -> #DIV/0! | T21: =Q17 -> #DIV/0! | U21: =#REF! -> #REF! | V21: =Q21 -> #DIV/0! | W21: =S21+T21+U21+V21 -> #DIV/0!
C22: B年累 | F22: =F42+'2车间表1'!D25 -> 0 | G22: =IF(ISERROR(J22/F22*100),"0.00",J22/F22*100) -> 0.00 | I22: =IF(ISERROR(L22/F22*1000),"0.00",L22/F22*1000) -> 0.00 | J22: =J42+'2车间表1'!I25 -> 0 | L22: =L42+'2车间表1'!K25 -> 0 | N22: =#REF!/#REF!*100 -> #REF! | O22: =J22/J8*100 -> #DIV/0! | P22: =K22/K8*100 -> #DIV/0! | Q22: =L22/L8*100 -> #DIV/0! | S22: =Q14 -> #DIV/0! | T22: =Q18 -> #DIV/0! | U22: =#REF! -> #REF! | V22: =Q22 -> #DIV/0! | W22: =S22+T22+U22+V22 -> #DIV/0!
C23: C年累 | F23: =F43+'2车间表1'!D26 -> 0 | G23: =IF(ISERROR(J23/F23*100),"0.00",J23/F23*100) -> 0.00 | I23: =IF(ISERROR(L23/F23*1000),"0.00",L23/F23*1000) -> 0.00 | J23: =J43+'2车间表1'!I26 -> 0 | L23: =L43+'2车间表1'!K26 -> 0 | N23: =#REF!/#REF!*100 -> #REF! | O23: =J23/J9*100 -> #DIV/0! | P23: =K23/K9*100 -> #DIV/0! | Q23: =L23/L9*100 -> #DIV/0! | S23: =Q15 -> #DIV/0! | T23: =Q19 -> #DIV/0! | U23: =#REF! -> #REF! | V23: =Q23 -> #DIV/0! | W23: =S23+T23+U23+V23 -> #DIV/0!
C24: 年累 | F24: =F21+F22+F23 -> 0 | G24: =IF(ISERROR(J24/F24*100),"0.00",J24/F24*100) -> 0.00 | I24: =IF(ISERROR(L24/F24*1000),"0.00",L24/F24*1000) -> 0.00 | J24: =J21+J22+J23 -> 0 | L24: =L21+L22+L23 -> 0 | N24: =#REF!/#REF!*100 -> #REF! | O24: =J24/J10*100 -> #DIV/0! | P24: =K24/K10*100 -> #DIV/0! | Q24: =L24/L10*100 -> #DIV/0! | S24: =Q16 -> #DIV/0! | T24: =Q20 -> #DIV/0! | U24: =#REF! -> #REF! | V24: =Q24 -> #DIV/0! | W24: =S24+T24+U24+V24 -> #DIV/0!
C25: 质检负责人：
D29: 昨日年累：
B30: 种类 | C30: 班别 | D30: 细度％ | E30: 磨矿时间（h） | F30: 干量（T） | G30: 品 位 | J30: 金 属 量
G31: 铅（%） | H31: 锌（%） | I31: 银（g/t） | J31: 铅（T） | K31: 锌（T） | L31: 银（Kg）
B32: 原矿 | C32: （一）累
C33: （二）累
C34: （三）累
B35: 铅精 | C35: （一）累
C36: （二）累
C37: （三）累
B38: 锌精 | C38: （一）累
C39: （二）累
C40: （三）累
B41: 尾矿 | C41: （一）累
C42: （二）累
C43: （三）累
D46: 今日年累：
B47: 种类 | C47: 班别 | D47: 细度％ | E47: 磨矿时间（h） | F47: 干量（T） | G47: 品 位 | J47: 金 属 量
G48: 铅（%） | H48: 锌（%） | I48: 银（g/t） | J48: 铅（T） | K48: 锌（T） | L48: 银（Kg）
B49: 原矿 | C49: （一）累 | D49: =D7 -> 0.00 | E49: =E7 -> 0 | F49: =F7 -> 0 | J49: =J7 -> 0 | K49: =K7 -> 0 | L49: =L7 -> 0
C50: （二）累 | D50: =D8 -> 0.00 | E50: =E8 -> 0 | F50: =F8 -> 0 | J50: =J8 -> 0 | K50: =K8 -> 0 | L50: =L8 -> 0
C51: （三）累 | D51: =D9 -> 0.00 | E51: =E9 -> 0 | F51: =F9 -> 0 | J51: =J9 -> 0 | K51: =K9 -> 0 | L51: =L9 -> 0
B52: 铅精 | C52: （一）累 | F52: =F13 -> 0 | J52: =J13 -> 0 | K52: =K13 -> 0 | L52: =L13 -> 0
C53: （二）累 | F53: =F14 -> 0 | J53: =J14 -> 0 | K53: =K14 -> 0 | L53: =L14 -> 0
C54: （三）累 | F54: =F15 -> 0 | J54: =J15 -> 0 | K54: =K15 -> 0 | L54: =L15 -> 0
B55: 锌精 | C55: （一）累 | F55: =F17 -> 0 | J55: =J17 -> 0 | K55: =K17 -> 0 | L55: =L17 -> 0
C56: （二）累 | F56: =F18 -> 0 | J56: =J18 -> 0 | K56: =K18 -> 0 | L56: =L18 -> 0
C57: （三）累 | F57: =F19 -> 0 | J57: =J19 -> 0 | K57: =K19 -> 0 | L57: =L19 -> 0
B58: 尾矿 | C58: （一）累 | F58: =F21 -> 0 | J58: =J21 -> 0 | K58: =K21 -> 0 | L58: =L21 -> 0
C59: （二）累 | F59: =F22 -> 0 | J59: =J22 -> 0 | K59: =K22 -> 0 | L59: =L22 -> 0
C60: （三）累 | F60: =F23 -> 0 | J60: =J23 -> 0 | K60: =K23 -> 0 | L60: =L23 -> 0

Sheet 2系统周表
B2: 荣达选矿厂生产隆腾矿日报二系统(周累表） | O2: =(J13+K17)/(J7+K7)*100 -> #DIV/0!
O3: =(J14+K18)/(J8+K8)*100 -> #DIV/0!
J4: =基础数据!A2 -> 45836 | O4: =(J15+K19)/(J9+K9)*100 -> #DIV/0!
B5: 种类 | C5: 班别 | D5: 细度％ | E5: 磨矿时间（h） | F5: 干量（T） | G5: 原矿品位 | J5: 原矿金属量 | O5: =(J16+K20)/(J10+K10)*100 -> #DIV/0!
G6: 铅（%） | H6: 锌（%） | I6: 银（g/t） | J6: 铅（T） | K6: 锌（T） | L6: 银（Kg）
B7: 原矿 | C7: A周累 | D7: =IF(ISERROR((D32*F32+'2车间表1'!D7*'2车间表1'!H7)/'2系统周表'!F7),"0.00",(D32*F32+'2车间表1'!D7*'2车间表1'!H7)/'2系统周表'!F7) -> 0.00 | E7: =E32+'2车间表1'!E7 -> 0 | F7: =F32+'2车间表1'!H7 -> 0 | G7: =IF(ISERROR(J7/F7*100),"0.00",J7/F7*100) -> 0.00 | H7: =IF(ISERROR(K7/F7*100),"0.00",K7/F7*100) -> 0.00 | I7: =IF(ISERROR(L7/F7*1000),"0.00",L7/F7*1000) -> 0.00 | J7: =J32+'2车间表1'!M7 -> 0 | L7: =L32+'2车间表1'!O7 -> 0 | N7: =D7 -> 0.00 | O7: =F7/E7 -> #DIV/0! | P7: =#REF! -> #REF! | Q7: =G7 -> 0.00 | R7: =H7 -> 0.00 | S7: =I7 -> 0.00 | T7: =#REF! -> #REF! | U7: =#REF! -> #REF! | V7: =#REF! -> #REF! | W7: =#REF! -> #REF! | X7: =#REF! -> #REF! | Y7: =G13 -> 0.00 | Z7: =H13 -> 0 | AA7: =I13 -> 0.00 | AB7: =#REF! -> #REF! | AC7: =G17 -> 0 | AD7: =H17 -> 0 | AE7: =I17 -> 0 | AF7: =#REF! -> #REF! | AG7: =G21 -> 0.00 | AH7: =H21 -> 0 | AI7: =I21 -> 0.00 | AJ7: =#REF! -> #REF! | AK7: =D13 -> 0.00 | AL7: =D17 -> 0 | AM7: =E21 -> 0
C8: B周累 | D8: =IF(ISERROR((D33*F33+'2车间表1'!D8*'2车间表1'!H8)/'2系统周表'!F8),"0.00",(D33*F33+'2车间表1'!D8*'2车间表1'!H8)/'2系统周表'!F8) -> 0.00 | E8: =E33+'2车间表1'!E8 -> 0 | F8: =F33+'2车间表1'!H8 -> 0 | G8: =IF(ISERROR(J8/F8*100),"0.00",J8/F8*100) -> 0.00 | H8: =IF(ISERROR(K8/F8*100),"0.00",K8/F8*100) -> 0.00 | I8: =IF(ISERROR(L8/F8*1000),"0.00",L8/F8*1000) -> 0.00 | J8: =J33+'2车间表1'!M8 -> 0 | L8: =L33+'2车间表1'!O8 -> 0 | N8: =D8 -> 0.00 | O8: =F8/E8 -> #DIV/0! | P8: =#REF! -> #REF! | Q8: =G8 -> 0.00 | R8: =H8 -> 0.00 | S8: =I8 -> 0.00 | T8: =#REF! -> #REF! | U8: =#REF! -> #REF! | V8: =#REF! -> #REF! | W8: =#REF! -> #REF! | X8: =#REF! -> #REF! | Y8: =G14 -> 0.00 | Z8: =H14 -> 0 | AA8: =I14 -> 0.00 | AB8: =#REF! -> #REF! | AC8: =G18 -> 0 | AD8: =H18 -> 0 | AE8: =I18 -> 0 | AF8: =#REF! -> #REF! | AG8: =G22 -> 0.00 | AH8: =H22 -> 0 | AI8: =I22 -> 0.00 | AJ8: =#REF! -> #REF! | AK8: =D14 -> 0.00 | AL8: =D18 -> 0 | AM8: =E22 -> 0
C9: C周累 | D9: =IF(ISERROR((D34*F34+'2车间表1'!D9*'2车间表1'!H9)/'2系统周表'!F9),"0.00",(D34*F34+'2车间表1'!D9*'2车间表1'!H9)/'2系统周表'!F9) -> 0.00 | E9: =E34+'2车间表1'!E9 -> 0 | F9: =F34+'2车间表1'!H9 -> 0 | G9: =IF(ISERROR(J9/F9*100),"0.00",J9/F9*100) -> 0.00 | H9: =IF(ISERROR(K9/F9*100),"0.00",K9/F9*100) -> 0.00 | I9: =IF(ISERROR(L9/F9*1000),"0.00",L9/F9*1000) -> 0.00 | J9: =J34+'2车间表1'!M9 -> 0 | L9: =L34+'2车间表1'!O9 -> 0 | N9: =D9 -> 0.00 | O9: =F9/E9 -> #DIV/0! | P9: =#REF! -> #REF! | Q9: =G9 -> 0.00 | R9: =H9 -> 0.00 | S9: =I9 -> 0.00 | T9: =#REF! -> #REF! | U9: =#REF! -> #REF! | V9: =#REF! -> #REF! | W9: =#REF! -> #REF! | X9: =#REF! -> #REF! | Y9: =G15 -> 0.00 | Z9: =H15 -> 0 | AA9: =I15 -> 0.00 | AB9: =#REF! -> #REF! | AC9: =G19 -> 0 | AD9: =H19 -> 0 | AE9: =I19 -> 0 | AF9: =#REF! -> #REF! | AG9: =G23 -> 0.00 | AH9: =H23 -> 0 | AI9: =I23 -> 0.00 | AJ9: =#REF! -> #REF! | AK9: =D15 -> 0.00 | AL9: =D19 -> 0 | AM9: =E23 -> 0
C10: 周累 | D10: =IF(ISERROR((D7*F7+D8*F8+D9*F9)/F10),"0.00",(D7*F7+D8*F8+D9*F9)/F10) -> 0.00 | E10: =E7+E8+E9 -> 0 | F10: =F7+F8+F9 -> 0 | G10: =IF(ISERROR(J10/F10*100),"0.00",J10/F10*100) -> 0.00 | H10: =IF(ISERROR(K10/F10*100),"0.00",K10/F10*100) -> 0.00 | I10: =IF(ISERROR(L10/F10*1000),"0.00",L10/F10*1000) -> 0.00 | J10: =J7+J8+J9 -> 0 | L10: =L7+L8+L9 -> 0 | N10: =D10 -> 0.00 | O10: =F10/E10 -> #DIV/0! | P10: =#REF! -> #REF! | Q10: =G10 -> 0.00 | R10: =H10 -> 0.00 | S10: =I10 -> 0.00 | T10: =#REF! -> #REF! | U10: =#REF! -> #REF! | V10: =#REF! -> #REF! | W10: =#REF! -> #REF! | X10: =#REF! -> #REF! | Y10: =G16 -> 0.00 | Z10: =H16 -> 0 | AA10: =I16 -> 0.00 | AB10: =#REF! -> #REF! | AC10: =G20 -> 0 | AD10: =H20 -> 0 | AE10: =I20 -> 0 | AF10: =#REF! -> #REF! | AG10: =G24 -> 0.00 | AH10: =H24 -> 0 | AI10: =I24 -> 0.00 | AJ10: =#REF! -> #REF! | AK10: =D16 -> 0.00 | AL10: =D20 -> 0 | AM10: =E24 -> 0
B11: 种类 | C11: 班别 | D11: 回收率（%） | F11: 干量（T） | G11: 分 布 率 | J11: 金 属 量
D12: 铜铅锌 | E12: 银 | G12: 铅（%） | H12: 锌（%） | I12: 银（g/t） | J12: 铅（T） | K12: 锌（T） | L12: 银（Kg）
B13: 铅精 | C13: A周累 | D13: =IF(ISERROR(J13/J7*100),"0.00",J13/J7*100) -> 0.00 | E13: =IF(ISERROR(L13/L7*100),"0.00",L13/L7*100) -> 0.00 | F13: =F35+'2车间表1'!D14 -> 0 | G13: =IF(ISERROR(J13/F13*100),"0.00",J13/F13*100) -> 0.00 | I13: =IF(ISERROR(L13/F13*1000),"0.00",L13/F13*1000) -> 0.00 | J13: =J35+'2车间表1'!I14 -> 0 | L13: =L35+'2车间表1'!K14 -> 0 | N13: =#REF!/#REF!*100 -> #REF! | O13: =J13/J7*100 -> #DIV/0! | P13: =K13/K7*100 -> #DIV/0! | Q13: =L13/L7*100 -> #DIV/0! | S13: =P13 -> #DIV/0! | T13: =P17 -> #DIV/0! | U13: =#REF! -> #REF! | V13: =P21 -> #DIV/0! | W13: =S13+T13+U13+V13 -> #DIV/0!
C14: B周累 | D14: =IF(ISERROR(J14/J8*100),"0.00",J14/J8*100) -> 0.00 | E14: =IF(ISERROR(L14/L8*100),"0.00",L14/L8*100) -> 0.00 | F14: =F36+'2车间表1'!D15 -> 0 | G14: =IF(ISERROR(J14/F14*100),"0.00",J14/F14*100) -> 0.00 | I14: =IF(ISERROR(L14/F14*1000),"0.00",L14/F14*1000) -> 0.00 | J14: =J36+'2车间表1'!I15 -> 0 | L14: =L36+'2车间表1'!K15 -> 0 | N14: =#REF!/#REF!*100 -> #REF! | O14: =J14/J8*100 -> #DIV/0! | P14: =K14/K8*100 -> #DIV/0! | Q14: =L14/L8*100 -> #DIV/0! | S14: =P14 -> #DIV/0! | T14: =P18 -> #DIV/0! | U14: =#REF! -> #REF! | V14: =P22 -> #DIV/0! | W14: =S14+T14+U14+V14 -> #DIV/0!
C15: C周累 | D15: =IF(ISERROR(J15/J9*100),"0.00",J15/J9*100) -> 0.00 | E15: =IF(ISERROR(L15/L9*100),"0.00",L15/L9*100) -> 0.00 | F15: =F37+'2车间表1'!D16 -> 0 | G15: =IF(ISERROR(J15/F15*100),"0.00",J15/F15*100) -> 0.00 | I15: =IF(ISERROR(L15/F15*1000),"0.00",L15/F15*1000) -> 0.00 | J15: =J37+'2车间表1'!I16 -> 0 | L15: =L37+'2车间表1'!K16 -> 0 | N15: =#REF!/#REF!*100 -> #REF! | O15: =J15/J9*100 -> #DIV/0! | P15: =K15/K9*100 -> #DIV/0! | Q15: =L15/L9*100 -> #DIV/0! | S15: =P15 -> #DIV/0! | T15: =P19 -> #DIV/0! | U15: =#REF! -> #REF! | V15: =P23 -> #DIV/0! | W15: =S15+T15+U15+V15 -> #DIV/0!
C16: 周累 | D16: =IF(ISERROR(J16/J10*100),"0.00",J16/J10*100) -> 0.00 | E16: =IF(ISERROR(L16/L10*100),"0.00",L16/L10*100) -> 0.00 | F16: =F13+F14+F15 -> 0 | G16: =IF(ISERROR(J16/F16*100),"0.00",J16/F16*100) -> 0.00 | I16: =IF(ISERROR(L16/F16*1000),"0.00",L16/F16*1000) -> 0.00 | J16: =J13+J14+J15 -> 0 | L16: =L13+L14+L15 -> 0 | N16: =#REF!/#REF!*100 -> #REF! | O16: =J16/J10*100 -> #DIV/0! | P16: =K16/K10*100 -> #DIV/0! | Q16: =L16/L10*100 -> #DIV/0! | S16: =P16 -> #DIV/0! | T16: =P20 -> #DIV/0! | U16: =#REF! -> #REF! | V16: =P24 -> #DIV/0! | W16: =S16+T16+U16+V16 -> #DIV/0!
B17: 锌精 | C17: A周累 | N17: =#REF!/#REF!*100 -> #REF! | O17: =J17/J7*100 -> #DIV/0! | P17: =K17/K7*100 -> #DIV/0! | Q17: =L17/L7*100 -> #DIV/0! | S17: =N13 -> #REF! | T17: =N17 -> #REF! | U17: =#REF! -> #REF! | V17: =N21 -> #REF! | W17: =S17+T17+U17+V17 -> #REF!
C18: B周累 | N18: =#REF!/#REF!*100 -> #REF! | O18: =J18/J8*100 -> #DIV/0! | P18: =K18/K8*100 -> #DIV/0! | Q18: =L18/L8*100 -> #DIV/0! | S18: =N14 -> #REF! | T18: =N18 -> #REF! | U18: =#REF! -> #REF! | V18: =N22 -> #REF! | W18: =S18+T18+U18+V18 -> #REF!
C19: C周累 | N19: =#REF!/#REF!*100 -> #REF! | O19: =J19/J9*100 -> #DIV/0! | P19: =K19/K9*100 -> #DIV/0! | Q19: =L19/L9*100 -> #DIV/0! | S19: =N15 -> #REF! | T19: =N19 -> #REF! | U19: =#REF! -> #REF! | V19: =N23 -> #REF! | W19: =S19+T19+U19+V19 -> #REF!
C20: 周累 | N20: =#REF!/#REF!*100 -> #REF! | O20: =J20/J10*100 -> #DIV/0! | P20: =K20/K10*100 -> #DIV/0! | Q20: =L20/L10*100 -> #DIV/0! | S20: =N16 -> #REF! | T20: =N20 -> #REF! | U20: =#REF! -> #REF! | V20: =N24 -> #REF! | W20: =S20+T20+U20+V20 -> #REF!
B21: 尾矿 | C21: A周累 | F21: =F41+'2车间表1'!D24 -> 0 | G21: =IF(ISERROR(J21/F21*100),"0.00",J21/F21*100) -> 0.00 | I21: =IF(ISERROR(L21/F21*1000),"0.00",L21/F21*1000) -> 0.00 | J21: =J41+'2车间表1'!I24 -> 0 | L21: =L41+'2车间表1'!K24 -> 0 | N21: =#REF!/#REF!*100 -> #REF! | O21: =J21/J7*100 -> #DIV/0! | P21: =K21/K7*100 -> #DIV/0! | Q21: =L21/L7*100 -> #DIV/0! | S21: =Q13 -> #DIV/0! | T21: =Q17 -> #DIV/0! | U21: =#REF! -> #REF! | V21: =Q21 -> #DIV/0! | W21: =S21+T21+U21+V21 -> #DIV/0!
C22: B周累 | F22: =F42+'2车间表1'!D25 -> 0 | G22: =IF(ISERROR(J22/F22*100),"0.00",J22/F22*100) -> 0.00 | I22: =IF(ISERROR(L22/F22*1000),"0.00",L22/F22*1000) -> 0.00 | J22: =J42+'2车间表1'!I25 -> 0 | L22: =L42+'2车间表1'!K25 -> 0 | N22: =#REF!/#REF!*100 -> #REF! | O22: =J22/J8*100 -> #DIV/0! | P22: =K22/K8*100 -> #DIV/0! | Q22: =L22/L8*100 -> #DIV/0! | S22: =Q14 -> #DIV/0! | T22: =Q18 -> #DIV/0! | U22: =#REF! -> #REF! | V22: =Q22 -> #DIV/0! | W22: =S22+T22+U22+V22 -> #DIV/0!
C23: C周累 | F23: =F43+'2车间表1'!D26 -> 0 | G23: =IF(ISERROR(J23/F23*100),"0.00",J23/F23*100) -> 0.00 | I23: =IF(ISERROR(L23/F23*1000),"0.00",L23/F23*1000) -> 0.00 | J23: =J43+'2车间表1'!I26 -> 0 | L23: =L43+'2车间表1'!K26 -> 0 | N23: =#REF!/#REF!*100 -> #REF! | O23: =J23/J9*100 -> #DIV/0! | P23: =K23/K9*100 -> #DIV/0! | Q23: =L23/L9*100 -> #DIV/0! | S23: =Q15 -> #DIV/0! | T23: =Q19 -> #DIV/0! | U23: =#REF! -> #REF! | V23: =Q23 -> #DIV/0! | W23: =S23+T23+U23+V23 -> #DIV/0!
C24: 周累 | F24: =F21+F22+F23 -> 0 | G24: =IF(ISERROR(J24/F24*100),"0.00",J24/F24*100) -> 0.00 | I24: =IF(ISERROR(L24/F24*1000),"0.00",L24/F24*1000) -> 0.00 | J24: =J21+J22+J23 -> 0 | L24: =L21+L22+L23 -> 0 | N24: =#REF!/#REF!*100 -> #REF! | O24: =J24/J10*100 -> #DIV/0! | P24: =K24/K10*100 -> #DIV/0! | Q24: =L24/L10*100 -> #DIV/0! | S24: =Q16 -> #DIV/0! | T24: =Q20 -> #DIV/0! | U24: =#REF! -> #REF! | V24: =Q24 -> #DIV/0! | W24: =S24+T24+U24+V24 -> #DIV/0!
C25: 质检负责人：
D29: 昨日周累：
B30: 种类 | C30: 班别 | D30: 细度％ | E30: 磨矿时间（h） | F30: 干量（T） | G30: 品 位 | J30: 金 属 量
G31: 铅（%） | H31: 锌（%） | I31: 银（g/t） | J31: 铅（T） | K31: 锌（T） | L31: 银（Kg）
B32: 原矿 | C32: （一）累
C33: （二）累
C34: （三）累
B35: 铅精 | C35: （一）累
C36: （二）累
C37: （三）累
B38: 锌精 | C38: （一）累
C39: （二）累
C40: （三）累
B41: 尾矿 | C41: （一）累
C42: （二）累
C43: （三）累
D46: 今日周累：
B47: 种类 | C47: 班别 | D47: 细度％ | E47: 磨矿时间（h） | F47: 干量（T） | G47: 品 位 | J47: 金 属 量
G48: 铅（%） | H48: 锌（%） | I48: 银（g/t） | J48: 铅（T） | K48: 锌（T） | L48: 银（Kg）
B49: 原矿 | C49: （一）累 | D49: =D7 -> 0.00 | E49: =E7 -> 0 | F49: =F7 -> 0 | J49: =J7 -> 0 | K49: =K7 -> 0 | L49: =L7 -> 0
C50: （二）累 | D50: =D8 -> 0.00 | E50: =E8 -> 0 | F50: =F8 -> 0 | J50: =J8 -> 0 | K50: =K8 -> 0 | L50: =L8 -> 0
C51: （三）累 | D51: =D9 -> 0.00 | E51: =E9 -> 0 | F51: =F9 -> 0 | J51: =J9 -> 0 | K51: =K9 -> 0 | L51: =L9 -> 0
B52: 铅精 | C52: （一）累 | F52: =F13 -> 0 | J52: =J13 -> 0 | K52: =K13 -> 0 | L52: =L13 -> 0
C53: （二）累 | F53: =F14 -> 0 | J53: =J14 -> 0 | K53: =K14 -> 0 | L53: =L14 -> 0
C54: （三）累 | F54: =F15 -> 0 | J54: =J15 -> 0 | K54: =K15 -> 0 | L54: =L15 -> 0
B55: 锌精 | C55: （一）累 | F55: =F17 -> 0 | J55: =J17 -> 0 | K55: =K17 -> 0 | L55: =L17 -> 0
C56: （二）累 | F56: =F18 -> 0 | J56: =J18 -> 0 | K56: =K18 -> 0 | L56: =L18 -> 0
C57: （三）累 | F57: =F19 -> 0 | J57: =J19 -> 0 | K57: =K19 -> 0 | L57: =L19 -> 0
B58: 尾矿 | C58: （一）累 | F58: =F21 -> 0 | J58: =J21 -> 0 | K58: =K21 -> 0 | L58: =L21 -> 0
C59: （二）累 | F59: =F22 -> 0 | J59: =J22 -> 0 | K59: =K22 -> 0 | L59: =L22 -> 0
C60: （三）累 | F60: =F23 -> 0 | J60: =J23 -> 0 | K60: =K23 -> 0 | L60: =L23 -> 0

Sheet 周排名
A1: 浮选岗位周排名统计表
D2: =G2-6 -> 45830 | F2: —— | G2: =基础数据!A2 -> 45836
A3: 铅精 | B3: 班组 | C3: 回收率 | D3: 排名 | E3: 含铅 | F3: 排名 | G3: 含锌 | H3: 排名
B4: 甲 | C4: ='1系统周表'!D13 -> 97.308219 | D4: =RANK(C4,C$4:C$9) -> 2 | E4: ='1系统周表'!G13 -> 60.56 | F4: =RANK(E4,E$4:E$9) -> 3 | G4: ='1系统周表'!H13 -> 0 | H4: =RANK(G4,G$4:G$9,1) -> 1
B5: 乙 | C5: ='1系统周表'!D14 -> 96.725985 | D5: =RANK(C5,C$4:C$9) -> 3 | E5: ='1系统周表'!G14 -> 65.27 | F5: =RANK(E5,E$4:E$9) -> 2 | G5: ='1系统周表'!H14 -> 0 | H5: =RANK(G5,G$4:G$9,1) -> 1
B6: 丙 | C6: ='1系统周表'!D15 -> 97.922147 | D6: =RANK(C6,C$4:C$9) -> 1 | E6: ='1系统周表'!G15 -> 66.04 | F6: =RANK(E6,E$4:E$9) -> 1 | G6: ='1系统周表'!H15 -> 0 | H6: =RANK(G6,G$4:G$9,1) -> 1
B7: A | C7: ='2系统周表'!D13 -> 0.00 | D7: =RANK(C7,C$4:C$9) -> #N/A | E7: ='2系统周表'!G13 -> 0.00 | F7: =RANK(E7,E$4:E$9) -> #N/A | G7: ='2系统周表'!H13 -> 0 | H7: =RANK(G7,G$4:G$9,1) -> 1
B8: B | C8: ='2系统周表'!D14 -> 0.00 | D8: =RANK(C8,C$4:C$9) -> #N/A | E8: ='2系统周表'!G14 -> 0.00 | F8: =RANK(E8,E$4:E$9) -> #N/A | G8: ='2系统周表'!H14 -> 0 | H8: =RANK(G8,G$4:G$9,1) -> 1
B9: C | C9: ='2系统周表'!D15 -> 0.00 | D9: =RANK(C9,C$4:C$9) -> #N/A | E9: ='2系统周表'!G15 -> 0.00 | F9: =RANK(E9,E$4:E$9) -> #N/A | G9: ='2系统周表'!H15 -> 0 | H9: =RANK(G9,G$4:G$9,1) -> 1
A10: 锌精 | B10: 班组 | C10: 回收率 | D10: 排名 | E10: 含铅 | F10: 排名 | G10: 含锌 | H10: 排名
B11: 甲 | C11: ='1系统周表'!D17 -> 0 | D11: =RANK(C11,C$11:C$16) -> 1 | E11: ='1系统周表'!G17 -> 0 | F11: =RANK(E11,E$11:E$16,1) -> 1 | G11: ='1系统周表'!H17 -> 0 | H11: =RANK(G11,G$11:G$16) -> 1
B12: 乙 | C12: ='1系统周表'!D18 -> 0 | D12: =RANK(C12,C$11:C$16) -> 1 | E12: ='1系统周表'!G18 -> 0 | F12: =RANK(E12,E$11:E$16,1) -> 1 | G12: ='1系统周表'!H18 -> 0 | H12: =RANK(G12,G$11:G$16) -> 1
B13: 丙 | C13: ='1系统周表'!D19 -> 0 | D13: =RANK(C13,C$11:C$16) -> 1 | E13: ='1系统周表'!G19 -> 0 | F13: =RANK(E13,E$11:E$16,1) -> 1 | G13: ='1系统周表'!H19 -> 0 | H13: =RANK(G13,G$11:G$16) -> 1
B14: A | C14: ='2系统周表'!D17 -> 0 | D14: =RANK(C14,C$11:C$16) -> 1 | E14: ='2系统周表'!G17 -> 0 | F14: =RANK(E14,E$11:E$16,1) -> 1 | G14: ='2系统周表'!H17 -> 0 | H14: =RANK(G14,G$11:G$16) -> 1
B15: B | C15: ='2系统周表'!D18 -> 0 | D15: =RANK(C15,C$11:C$16) -> 1 | E15: ='2系统周表'!G18 -> 0 | F15: =RANK(E15,E$11:E$16,1) -> 1 | G15: ='2系统周表'!H18 -> 0 | H15: =RANK(G15,G$11:G$16) -> 1
B16: C | C16: ='2系统周表'!D19 -> 0 | D16: =RANK(C16,C$11:C$16) -> 1 | E16: ='2系统周表'!G19 -> 0 | F16: =RANK(E16,E$11:E$16,1) -> 1 | G16: ='2系统周表'!H19 -> 0 | H16: =RANK(G16,G$11:G$16) -> 1
A17: 原矿 | B17: 班组 | C17: 含铅 | D17: 排名 | E17: 含锌 | F17: 排名 | G17: 含银 | H17: 排名
B18: 甲 | C18: ='1系统周表'!G7 -> 10.5 | D18: =RANK(C18,C$18:C$23,1) -> 3 | E18: ='1系统周表'!H7 -> 0 | F18: =RANK(E18,E$18:E$23,1) -> 1 | G18: ='1系统周表'!I7 -> 570 | H18: =RANK(G18,G$18:G$23,1) -> 3
B19: 乙 | C19: ='1系统周表'!G8 -> 3.75 | D19: =RANK(C19,C$18:C$23,1) -> 1 | E19: ='1系统周表'!H8 -> 0 | F19: =RANK(E19,E$18:E$23,1) -> 1 | G19: ='1系统周表'!I8 -> 161 | H19: =RANK(G19,G$18:G$23,1) -> 1
B20: 丙 | C20: ='1系统周表'!G9 -> 4.07 | D20: =RANK(C20,C$18:C$23,1) -> 2 | E20: ='1系统周表'!H9 -> 0 | F20: =RANK(E20,E$18:E$23,1) -> 1 | G20: ='1系统周表'!I9 -> 230 | H20: =RANK(G20,G$18:G$23,1) -> 2
B21: A | C21: ='2系统周表'!G7 -> 0.00 | D21: =RANK(C21,C$18:C$23,1) -> #N/A | E21: ='2系统周表'!H7 -> 0.00 | F21: =RANK(E21,E$18:E$23,1) -> 1 | G21: ='2系统周表'!I7 -> 0.00 | H21: =RANK(G21,G$18:G$23,1) -> #N/A
B22: B | C22: ='2系统周表'!G8 -> 0.00 | D22: =RANK(C22,C$18:C$23,1) -> #N/A | E22: ='2系统周表'!H8 -> 0.00 | F22: =RANK(E22,E$18:E$23,1) -> 1 | G22: ='2系统周表'!I8 -> 0.00 | H22: =RANK(G22,G$18:G$23,1) -> #N/A
B23: C | C23: ='2系统周表'!G9 -> 0.00 | D23: =RANK(C23,C$18:C$23,1) -> #N/A | E23: ='2系统周表'!H9 -> 0.00 | F23: =RANK(E23,E$18:E$23,1) -> 1 | G23: ='2系统周表'!I9 -> 0.00 | H23: =RANK(G23,G$18:G$23,1) -> #N/A
A24: 尾矿 | B24: 班组 | C24: 含铅 | D24: 排名 | E24: 含锌 | F24: 排名 | G24: 银收率 | H24: 排名
B25: 甲 | C25: ='1系统周表'!G21 -> 0.34 | D25: =RANK(C25,C$25:C$30,1) -> 3 | E25: ='1系统周表'!H21 -> 0 | F25: =RANK(E25,E$25:E$30,1) -> 1 | G25: ='1系统周表'!E13 -> 97.64734 | H25: =RANK(G25,G$25:G$30,0) -> 2
B26: 乙 | C26: ='1系统周表'!G22 -> 0.13 | D26: =RANK(C26,C$25:C$30,1) -> 2 | E26: ='1系统周表'!H22 -> 0 | F26: =RANK(E26,E$25:E$30,1) -> 1 | G26: ='1系统周表'!E14 -> 115.70149 | H26: =RANK(G26,G$25:G$30,0) -> 1
B27: 丙 | C27: ='1系统周表'!G23 -> 0.09 | D27: =RANK(C27,C$25:C$30,1) -> 1 | E27: ='1系统周表'!H23 -> 0 | F27: =RANK(E27,E$25:E$30,1) -> 1 | G27: ='1系统周表'!E15 -> 88.686423 | H27: =RANK(G27,G$25:G$30,0) -> 3
B28: A | C28: ='2系统周表'!G21 -> 0.00 | D28: =RANK(C28,C$25:C$30,1) -> #N/A | E28: ='2系统周表'!H21 -> 0 | F28: =RANK(E28,E$25:E$30,1) -> 1 | G28: ='2系统周表'!E13 -> 0.00 | H28: =RANK(G28,G$25:G$30,0) -> #N/A
B29: B | C29: ='2系统周表'!G22 -> 0.00 | D29: =RANK(C29,C$25:C$30,1) -> #N/A | E29: ='2系统周表'!H22 -> 0 | F29: =RANK(E29,E$25:E$30,1) -> 1 | G29: ='2系统周表'!E14 -> 0.00 | H29: =RANK(G29,G$25:G$30,0) -> #N/A
B30: C | C30: ='2系统周表'!G23 -> 0.00 | D30: =RANK(C30,C$25:C$30,1) -> #N/A | E30: ='2系统周表'!H23 -> 0 | F30: =RANK(E30,E$25:E$30,1) -> 1 | G30: ='2系统周表'!E15 -> 0.00 | H30: =RANK(G30,G$25:G$30,0) -> #N/A
B31: 班组 | C31: 总分 | D31: 排名 | E31: 铅浮选总分 | F31: 排名 | G31: 锌浮选总分 | H31: 排名
A32: 班组排名 | B32: 甲 | C32: =120-(D4+F4+H4+D11+F11+H11+D18+F18+D25+F25+H18+H25) -> 98 | D32: =RANK(C32,C$32:C$37,0) -> #N/A | E32: =110-(D4+F4+H4+D18+H18+D25+H25+F11) -> 92 | F32: =RANK(E32,E$32:E$37,0) -> #N/A | G32: =100-(D11+H11+F18+F25) -> 96 | H32: =RANK(G32,G$32:G$37,0) -> 1
B33: 乙 | C33: =120-(D5+F5+H5+D12+F12+H12+D19+F19+D26+F26+H19+H26) -> 104 | D33: =RANK(C33,C$32:C$37,0) -> #N/A | E33: =110-(D5+F5+H5+D19+H19+D26+H26+F12) -> 98 | F33: =RANK(E33,E$32:E$37,0) -> #N/A | G33: =100-(D12+H12+F19+F26) -> 96 | H33: =RANK(G33,G$32:G$37,0) -> 1
B34: 丙 | C34: =120-(D6+F6+H6+D13+F13+H13+D20+F20+D27+F27+H20+H27) -> 104 | D34: =RANK(C34,C$32:C$37,0) -> #N/A | E34: =110-(D6+F6+H6+D20+H20+D27+H27+F13) -> 98 | F34: =RANK(E34,E$32:E$37,0) -> #N/A | G34: =100-(D13+H13+F20+F27) -> 96 | H34: =RANK(G34,G$32:G$37,0) -> 1
B35: A | C35: =120-(D7+F7+H7+D14+F14+H14+D21+F21+D28+F28+H21+H28) -> #N/A | D35: =RANK(C35,C$32:C$37,0) -> #N/A | E35: =110-(D7+F7+H7+D21+H21+D28+H28+F14) -> #N/A | F35: =RANK(E35,E$32:E$37,0) -> #N/A | G35: =100-(D14+H14+F21+F28) -> 96 | H35: =RANK(G35,G$32:G$37,0) -> 1
B36: B | C36: =120-(D8+F8+H8+D15+F15+H15+D22+F22+D29+F29+H22+H29) -> #N/A | D36: =RANK(C36,C$32:C$37,0) -> #N/A | E36: =110-(D8+F8+H8+D22+H22+D29+H29+F15) -> #N/A | F36: =RANK(E36,E$32:E$37,0) -> #N/A | G36: =100-(D15+H15+F22+F29) -> 96 | H36: =RANK(G36,G$32:G$37,0) -> 1
B37: C | C37: =120-(D9+F9+H9+D16+F16+H16+D23+F23+D30+F30+H23+H30) -> #N/A | D37: =RANK(C37,C$32:C$37,0) -> #N/A | E37: =110-(D9+F9+H9+D23+H23+D30+H30+F16) -> #N/A | F37: =RANK(E37,E$32:E$37,0) -> #N/A | G37: =100-(D16+H16+F23+F30) -> 96 | H37: =RANK(G37,G$32:G$37,0) -> 1

Sheet 班组统计台账（3%）日累
A1: 选矿厂生产统计台账 | AH1: =基础数据!A2 -> 45836
B2: 运转时间(时) | C2: 原 矿 | L2: 铅 精 | S2: 锌 精 | AA2: 尾 矿 | AH2: 回收率
C3: 矿 量 | E3: 品 位 | H3: 金属量 | L3: 干量(T) | M3: 品 位 | P3: 金属量 | S3: 干量 | AA3: 干量(T) | AB3: 品 位 | AE3: 金属量
C4: 湿量(T) | D4: 干量(T) | E4: Pb (%) | F4: Zn (%) | G4: Ag (g/t) | H4: Pb (T) | I4: Zn (T) | J4: Ag (Kg) | M4: Pb (%) | N4: Zn (%) | O4: Ag (g/t) | P4: Pb (T) | Q4: Zn (T) | R4: Ag (Kg) | T4: Pb (%) | U4: Zn (%) | V4: Ag (%) | W4: Pb (T) | X4: Zn (T) | Y4: Ag (Kg) | AB4: Pb (%) | AC4: Zn (%) | AD4: Ag (g/t) | AE4: Pb (T) | AF4: Zn (T) | AG4: Ag (Kg) | AH4: Pb (%) | AI4: Zn (%) | AJ4: Ag (%)
A5: 一日累 | B5: ='1车间表1'!E10 -> 16 | C5: ='1车间表1'!F10 -> 256 | D5: ='1车间表1'!H10 -> 248.32 | E5: ='1车间表1'!I10 -> 3.91 | F5: ='1车间表1'!J10 -> 0 | G5: ='1车间表1'!K10 -> 195.5 | H5: ='1车间表1'!M10 -> 9.709312 | I5: ='1车间表1'!N10 -> 0 | J5: ='1车间表1'!O10 -> 48.54656 | K5: 一日累 | L5: ='1车间表1'!D17 -> 14.392796 | M5: ='1车间表1'!F17 -> 65.670863 | N5: ='1车间表1'!G17 -> 0 | O5: ='1车间表1'!H17 -> 3366.5768 | P5: ='1车间表1'!I17 -> 9.4518735 | Q5: ='1车间表1'!J17 -> 0 | R5: ='1车间表1'!K17 -> 48.454454 | S5: ='1车间表1'!D22 -> 0 | T5: ='1车间表1'!F22 -> 0 | U5: ='1车间表1'!G22 -> 0 | V5: ='1车间表1'!H22 -> 0 | W5: ='1车间表1'!I22 -> 0 | X5: ='1车间表1'!J22 -> 0 | Y5: ='1车间表1'!K22 -> 0 | Z5: 一日累 | AA5: ='1车间表1'!D27 -> 233.9272 | AB5: ='1车间表1'!F27 -> 0.1100507 | AC5: ='1车间表1'!G27 -> 0 | AD5: ='1车间表1'!H27 -> 0.39373621 | AE5: ='1车间表1'!I27 -> 0.25743853 | AF5: ='1车间表1'!J27 -> 0 | AG5: ='1车间表1'!K27 -> 0.092105611 | AH5: ='1车间表1'!L17 -> 97.34854 | AI5: ='1车间表1'!L22 -> 0 | AJ5: ='1车间表1'!M17 -> 99.810274
A6: 二日累 | B6: ='2车间表1'!E10 -> 0 | C6: ='2车间表1'!F10 -> 0 | D6: ='2车间表1'!H10 -> 0 | E6: ='2车间表1'!I10 -> 0.00 | F6: ='2车间表1'!J10 -> 0 | G6: ='2车间表1'!K10 -> 0 | H6: ='2车间表1'!M10 -> 0 | I6: ='2车间表1'!N10 -> 0 | J6: ='2车间表1'!O10 -> 0 | K6: 二日累 | L6: ='2车间表1'!D17 -> 0 | M6: ='2车间表1'!F17 -> 0.00 | N6: ='2车间表1'!G17 -> 0 | O6: ='2车间表1'!H17 -> 0 | P6: ='2车间表1'!I17 -> 0 | Q6: ='2车间表1'!J17 -> 0 | R6: ='2车间表1'!K17 -> 0 | S6: ='2车间表1'!D22 -> 0 | T6: ='2车间表1'!F22 -> 0 | U6: ='2车间表1'!G22 -> 0 | V6: ='2车间表1'!H22 -> 0 | W6: ='2车间表1'!I22 -> 0 | X6: ='2车间表1'!J22 -> 0 | Y6: ='2车间表1'!K22 -> 0 | Z6: 二日累 | AA6: ='2车间表1'!D27 -> 0 | AB6: ='2车间表1'!F27 -> 0.00 | AC6: ='2车间表1'!G27 -> 0 | AD6: ='2车间表1'!H27 -> 0 | AE6: ='2车间表1'!I27 -> 0 | AF6: ='2车间表1'!J27 -> 0 | AG6: ='2车间表1'!K27 -> 0 | AH6: ='2车间表1'!L17 -> 0.00 | AI6: ='2车间表1'!L22 -> 0 | AJ6: ='2车间表1'!M17 -> 0.00
A8: 总日累 | B8: =B6+B5+B7 -> 16 | C8: =C6+C5+C7 -> 256 | D8: =D6+D5+D7 -> 248.32 | E8: =IF(ISERROR(H8/D8*100),"0.00",H8/D8*100) -> 3.91 | F8: =IF(ISERROR(I8/D8*100),"0.00",I8/D8*100) -> 0 | G8: =IF(ISERROR(J8/D8*F190983),"0",J8/D8*1000) -> 195.5 | H8: =H6+H5+H7 -> 9.709312 | I8: =I6+I5+I7 -> 0 | J8: =J6+J5+J7 -> 48.54656 | K8: 总日累 | L8: =L6+L5+L7 -> 14.392796 | M8: =IF(ISERROR(P8/L8*100),"0.00",P8/L8*100) -> 65.670863 | N8: =IF(ISERROR(Q8/L8*100),"0.00",Q8/L8*100) -> 0 | O8: =IF(ISERROR(R8/L8*1000),"0",R8/L8*1000) -> 3366.5768 | P8: =P6+P5+P7 -> 9.4518735 | Q8: =Q6+Q5+Q7 -> 0 | R8: =R6+R5+R7 -> 48.454454 | S8: =S6+S5+S7 -> 0 | T8: =IF(ISERROR(W8/S8*100),"0.00",W8/S8*100) -> 0.00 | U8: =IF(ISERROR(X8/S8*100),"0.00",X8/S8*100) -> 0.00 | V8: =IF(ISERROR(Y8/S8*1000),"0",Y8/S8*1000) -> 0 | W8: =W6+W5+W7 -> 0 | X8: =X6+X5+X7 -> 0 | Y8: =Y6+Y5+Y7 -> 0 | Z8: 总日累 | AA8: =AA6+AA5+AA7 -> 233.9272 | AB8: =IF(ISERROR(AE8/AA8*100),"0.00",AE8/AA8*100) -> 0.1100507 | AC8: =IF(ISERROR(AF8/AA8*100),"0.00",AF8/AA8*100) -> 0 | AD8: =IF(ISERROR(AG8/AA8*1000),"0",AG8/AA8*1000) -> 0.39373621 | AE8: =AE6+AE5+AE7 -> 0.25743853 | AF8: =AF6+AF5+AF7 -> 0 | AG8: =AG6+AG5+AG7 -> 0.092105611 | AH8: =IF(ISERROR(P8/H8*100),"0.00",P8/H8*100) -> 97.34854 | AI8: =IF(ISERROR(X8/I8*100),"0.00",X8/I8*100) -> 0.00 | AJ8: =IF(ISERROR((R8)/J8*100),"0.00",(R8)/J8*100) -> 99.810274
B9: 运转时间(时) | C9: 原 矿 | L9: 铅 精 | S9: 锌 精 | AA9: 尾 矿
C10: 矿 量 | E10: 品 位 | H10: 金属量 | L10: 干量(T) | M10: 品 位 | P10: 金属量 | S10: 干量 | AA10: 干量(T) | AB10: 品 位 | AE10: 金属量
C11: 湿量(T) | D11: 干量(T) | E11: Pb (%) | F11: Zn (%) | G11: Ag (g/t) | H11: Pb (T) | I11: Zn (T) | J11: Ag (Kg) | M11: Pb (%) | N11: Zn (%) | O11: Ag (g/t) | P11: Pb (T) | Q11: Zn (T) | R11: Ag (Kg) | T11: Pb (%) | U11: Zn (%) | V11: Ag (%) | W11: Pb (T) | X11: Zn (T) | Y11: Ag (Kg) | AB11: Pb (%) | AC11: Zn (%) | AD11: Ag (g/t) | AE11: Pb (T) | AF11: Zn (T) | AG11: Ag (Kg) | AH11: Pb (%) | AI11: Zn (%) | AJ11: Ag (%)
A12: 一总累 | B12: ='1车间表1'!E11 -> 16 | D12: ='1车间表1'!H11 -> 248.32 | E12: ='1车间表1'!I11 -> 3.91 | F12: ='1车间表1'!J11 -> 0 | G12: ='1车间表1'!K11 -> 195.5 | H12: ='1车间表1'!M11 -> 9.709312 | I12: ='1车间表1'!N11 -> 0 | J12: ='1车间表1'!O11 -> 48.54656 | K12: 一总累 | L12: ='1车间表1'!D18 -> 14.392796 | M12: ='1车间表1'!F18 -> 65.670863 | N12: ='1车间表1'!G18 -> 0 | O12: ='1车间表1'!H18 -> 3366.5768 | P12: ='1车间表1'!I18 -> 9.4518735 | Q12: ='1车间表1'!J18 -> 0 | R12: ='1车间表1'!K18 -> 48.454454 | S12: ='1车间表1'!D23 -> 0 | T12: ='1车间表1'!F23 -> 0 | U12: ='1车间表1'!G23 -> 0 | V12: ='1车间表1'!H23 -> 0 | W12: ='1车间表1'!I23 -> 0 | X12: ='1车间表1'!J23 -> 0 | Y12: ='1车间表1'!K23 -> 0 | Z12: 一总累 | AA12: ='1车间表1'!D28 -> 233.9272 | AB12: ='1车间表1'!F28 -> 0.1100507 | AC12: ='1车间表1'!G28 -> 0 | AD12: ='1车间表1'!H28 -> 0.39373621 | AE12: ='1车间表1'!I28 -> 0.25743853 | AF12: ='1车间表1'!J28 -> 0 | AG12: ='1车间表1'!K28 -> 0.092105611 | AH12: =IF(ISERROR('1车间表1'!L18),"0.00",'1车间表1'!L18) -> 97.34854 | AI12: =IF(ISERROR('1车间表1'!L23),"0.00",'1车间表1'!L23) -> 0 | AJ12: ='1车间表1'!M18 -> 99.810274
A13: 二总累 | B13: ='2车间表1'!E11 -> 0 | D13: ='2车间表1'!H11 -> 0 | E13: ='2车间表1'!I11 -> 0.00 | F13: ='2车间表1'!J11 -> 0 | G13: ='2车间表1'!K11 -> 0 | H13: ='2车间表1'!M11 -> 0 | I13: ='2车间表1'!N11 -> 0 | J13: ='2车间表1'!O11 -> 0 | K13: 二总累 | L13: ='2车间表1'!D18 -> 0 | M13: ='2车间表1'!F18 -> 0.00 | N13: ='2车间表1'!G18 -> 0 | O13: ='2车间表1'!H18 -> 0 | P13: ='2车间表1'!I18 -> 0 | Q13: ='2车间表1'!J18 -> 0 | R13: ='2车间表1'!K18 -> 0 | S13: ='2车间表1'!D23 -> 0 | T13: ='2车间表1'!F23 -> 0 | U13: ='2车间表1'!G23 -> 0 | V13: ='2车间表1'!H23 -> 0 | W13: ='2车间表1'!I23 -> 0 | X13: ='2车间表1'!J23 -> 0 | Y13: ='2车间表1'!K23 -> 0 | Z13: 二总累 | AA13: ='2车间表1'!D28 -> 0 | AB13: ='2车间表1'!F28 -> 0.00 | AC13: ='2车间表1'!G28 -> 0 | AD13: ='2车间表1'!H28 -> 0 | AE13: ='2车间表1'!I28 -> 0 | AF13: ='2车间表1'!J28 -> 0 | AG13: ='2车间表1'!K28 -> 0 | AH13: ='2车间表1'!L18 -> 0.00 | AI13: ='2车间表1'!L23 -> 0 | AJ13: ='2车间表1'!M18 -> 0.00
A15: 月累 | B15: =B13+B12+B14 -> 16 | C15: ='2车间表1'!F11+'1车间表1'!F11 -> 256 | D15: =D13+D12+D14 -> 248.32 | E15: =IF(ISERROR(H15/D15*100),"0.00",H15/D15*100) -> 3.91 | F15: =IF(ISERROR(I15/D15*100),"0.00",I15/D15*100) -> 0 | G15: =IF(ISERROR(J15/D15*1000),"0",J15/D15*1000) -> 195.5 | H15: =H13+H12+H14 -> 9.709312 | I15: =I13+I12+I14 -> 0 | J15: =J13+J12+J14 -> 48.54656 | K15: 月累 | L15: =L13+L12+L14 -> 14.392796 | M15: =IF(ISERROR(P15/L15*100),"0.00",P15/L15*100) -> 65.670863 | N15: =IF(ISERROR(Q15/L15*100),"0.00",Q15/L15*100) -> 0 | O15: =IF(ISERROR(R15/L15*1000),"0",R15/L15*1000) -> 3366.5768 | P15: =P13+P12+P14 -> 9.4518735 | Q15: =Q13+Q12+Q14 -> 0 | R15: =R13+R12+R14 -> 48.454454 | S15: =S13+S12+S14 -> 0 | T15: =IF(ISERROR(W15/S15*100),"0.00",W15/S15*100) -> 0.00 | U15: =IF(ISERROR(X15/S15*100),"0.00",X15/S15*100) -> 0.00 | V15: =IF(ISERROR(Y15/S15*1000),"0",Y15/S15*1000) -> 0 | W15: =W13+W12+W14 -> 0 | X15: =X13+X12+X14 -> 0 | Y15: =Y13+Y12+Y14 -> 0 | Z15: 月累 | AA15: =AA13+AA12+AA14 -> 233.9272 | AB15: =IF(ISERROR(AE15/AA15*100),"0.00",AE15/AA15*100) -> 0.1100507 | AC15: =IF(ISERROR(AF15/AA15*100),"0.00",AF15/AA15*100) -> 0 | AD15: =IF(ISERROR(AG15/AA15*1000),"0",AG15/AA15*1000) -> 0.39373621 | AE15: =AE13+AE12+AE14 -> 0.25743853 | AF15: =AF13+AF12+AF14 -> 0 | AG15: =AG13+AG12+AG14 -> 0.092105611 | AH15: =IF(ISERROR(P15/H15*100),"0.00",P15/H15*100) -> 97.34854 | AI15: =IF(ISERROR(X15/I15*100),"0.00",X15/I15*100) -> 0.00 | AJ15: =IF(ISERROR((R15)/J15*100),"0.00",(R15)/J15*100) -> 99.810274
A16: 年累 | B16: =B29+B8 -> 16 | C16: =C29+C8 -> 256 | D16: =D8+D29 -> 248.32 | E16: =IF(ISERROR(H16/D16*100),"0.00",H16/D16*100) -> 3.91 | F16: =IF(ISERROR(I16/D16*100),"0.00",I16/D16*100) -> 0 | G16: =IF(ISERROR(J16/D16*1000),"0",J16/D16*1000) -> 195.5 | H16: =H29+H8 -> 9.709312 | I16: =I29+I8 -> 0 | J16: =J29+J8 -> 48.54656 | K16: 年累 | L16: =L29+L8 -> 14.392796 | M16: =IF(ISERROR(P16/L16*100),"0.00",P16/L16*100) -> 65.670863 | N16: =IF(ISERROR(Q16/L16*100),"0.00",Q16/L16*100) -> 0 | O16: =IF(ISERROR(R16/L16*1000),"0",R16/L16*1000) -> 3366.5768 | P16: =P29+P8 -> 9.4518735 | Q16: =Q29+Q8 -> 0 | R16: =R29+R8 -> 48.454454 | S16: =S29+S8 -> 0 | T16: =IF(ISERROR(W16/S16*100),"0.00",W16/S16*100) -> 0.00 | U16: =IF(ISERROR(X16/S16*100),"0.00",X16/S16*100) -> 0.00 | V16: =IF(ISERROR(Y16/S16*1000),"0",Y16/S16*1000) -> 0 | W16: =W29+W8 -> 0 | X16: =X29+X8 -> 0 | Y16: =Y29+Y8 -> 0 | Z16: 年累 | AA16: =AA29+AA8 -> 233.9272 | AB16: =IF(ISERROR(AE16/AA16*100),"0.00",AE16/AA16*100) -> 0.1100507 | AC16: =IF(ISERROR(AF16/AA16*100),"0.00",AF16/AA16*100) -> 0 | AD16: =IF(ISERROR(AG16/AA16*1000),"0",AG16/AA16*1000) -> 0.39373621 | AE16: =AE29+AE8 -> 0.25743853 | AF16: =AF29+AF8 -> 0 | AG16: =AG29+AG8 -> 0.092105611 | AH16: =IF(ISERROR(P16/H16*100),"0.00",P16/H16*100) -> 97.34854 | AI16: =IF(ISERROR(X16/I16*100),"0.00",X16/I16*100) -> 0.00 | AJ16: =IF(ISERROR((R16)/J16*100),"0.00",(R16)/J16*100) -> 99.810274
B26: 运转时间(时) | C26: 原 矿 | L26: 铅 精 | S26: 锌 精 | AA26: 尾 矿
C27: 矿 量 | S27: 干量
C28: 湿量(T) | D28: 干量(T) | E28: Pb (%) | F28: Zn (%) | G28: Ag (%) | H28: Pb (T) | I28: Zn (T) | J28: Ag (Kg) | L28: 干量(T) | M28: Pb (%) | N28: Zn (%) | O28: Ag (%) | P28: Pb (T) | Q28: Zn (T) | R28: Ag (Kg) | T28: Pb (%) | U28: Zn (%) | V28: Ag (%) | W28: Pb (T) | X28: Zn (T) | Y28: Ag (Kg) | AA28: 干量(T) | AB28: Pb (%) | AC28: Zn (%) | AD28: Ag (%) | AE28: Pb (T) | AF28: Zn (T) | AG28: Ag (Kg) | AH28: Pb (%) | AI28: Zn (%) | AJ28: Ag (%)
A29: 年累
A30: 上月年累
B31: =B30+B15 -> 16 | C31: =C30+C15 -> 256 | D31: =D30+D15 -> 248.32 | H31: =H30+H15 -> 9.709312 | I31: =I30+I15 -> 0 | J31: =J30+J15 -> 48.54656 | L31: =L30+L15 -> 14.392796 | P31: =P30+P15 -> 9.4518735 | Q31: =Q30+Q15 -> 0 | R31: =R30+R15 -> 48.454454 | S31: =S30+S15 -> 0 | W31: =W30+W15 -> 0 | X31: =X30+X15 -> 0 | Y31: =Y30+Y15 -> 0 | AA31: =AA30+AA15 -> 233.9272 | AE31: =AE30+AE15 -> 0.25743853 | AF31: =AF30+AF15 -> 0 | AG31: =AG30+AG15 -> 0.092105611
A32: 核查 | B32: =B16-B31 -> 0 | C32: =C16-C31 -> 0 | D32: =D16-D31 -> 0 | H32: =H16-H31 -> 0 | I32: =I16-I31 -> 0 | J32: =J16-J31 -> 0 | L32: =L16-L31 -> 0 | P32: =P16-P31 -> 0 | Q32: =Q16-Q31 -> 0 | R32: =R16-R31 -> 0 | S32: =S16-S31 -> 0 | W32: =W16-W31 -> 0 | X32: =X16-X31 -> 0 | Y32: =Y16-Y31 -> 0 | AA32: =AA16-AA31 -> 0 | AE32: =AE16-AE31 -> 0 | AF32: =AF16-AF31 -> 0 | AG32: =AG16-AG31 -> 0
A43: 年累 | B43: =B16 -> 16 | C43: =C16 -> 256 | D43: =D16 -> 248.32 | H43: =H16 -> 9.709312 | I43: =I16 -> 0 | J43: =J16 -> 48.54656 | K43: 年累 | L43: =L16 -> 14.392796 | P43: =P16 -> 9.4518735 | Q43: =Q16 -> 0 | R43: =R16 -> 48.454454 | S43: =S16 -> 0 | W43: =W16 -> 0 | X43: =X16 -> 0 | Y43: =Y16 -> 0 | Z43: 年累 | AA43: =AA16 -> 233.9272 | AE43: =AE16 -> 0.25743853 | AF43: =AF16 -> 0 | AG43: =AG16 -> 0.092105611
B50: 水份 | C50: 存水分 | D50: 3%干重 | E50: 品位 | H50: 金属量
E51: Pb (%) | F51: Zn (%) | G51: Ag (%) | H51: Pb (%) | I51: Zn (%) | J51: Ag (%)
A52: 日 | B52: =(C8-D8)/C8% -> 3 | C52: =6-B52 -> 3 | D52: =基础数据!O39 -> 0 | E52: =E8 -> 3.91 | F52: =F8 -> 0 | G52: =G8 -> 195.5 | H52: =D52*E52/100 -> 0 | I52: =D52*F52/100 -> 0 | J52: =D52*G52/1000 -> 0
A53: 月 | B53: =(C15-D15)/C15% -> 3 | D53: =H53/E53 -> 0 | E53: =M8 -> 65.670863 | G53: =O8 -> 3366.5768 | H53: =AH8*H52/100 -> 0 | J53: =J52*AJ8/100 -> 0
A54: 年 | B54: =(C16-D16)/C16% -> 3 | D54: =I54/F54 -> #DIV/0! | F54: =N8 -> 0 | I54: =I52*AI8 -> 0

Sheet 3%-7.25%
A1: 荣达选矿三厂生产日报（3%-6%水分金属平衡表）
A4: 日期 | B4: 班别 | C4: 处 理 量 | F4: 品 位 | J4: 金 属 量 | N4: 本日干量
C5: 湿量（T） | D5: 水份（%） | E5: 存量（T） | F5: 铜（%） | G5: 铅（%） | H5: 锌（%） | I5: 银（g/t） | J5: 铜（T） | K5: 铅（T） | L5: 锌（T） | M5: 银（Kg）
A6: =#REF! -> #REF! | B6: 甲 | C6: 690 | D6: 3 | E6: =C6*D6/100 -> 20.7 | F6: 0.14 | G6: 4.37 | H6: 3.59 | I6: 86 | J6: =E6*F6/100 -> 0.02898 | K6: =E6*G6/100 -> 0.90459 | L6: =E6*H6/100 -> 0.74313 | M6: =E6*I6/1000 -> 1.7802 | N6: 648.6
B7: 乙 | C7: 650 | D7: 3 | E7: =C7*D7/100 -> 19.5 | F7: 0.12 | G7: 3.24 | H7: 3.38 | I7: 62 | J7: =E7*F7/100 -> 0.0234 | K7: =E7*G7/100 -> 0.6318 | L7: =E7*H7/100 -> 0.6591 | M7: =E7*I7/1000 -> 1.209 | N7: 611
B8: 丙 | C8: 690 | D8: 3 | E8: =C8*D8/100 -> 20.7 | F8: 0.12 | G8: 3.15 | H8: 3.32 | I8: 68 | J8: =E8*F8/100 -> 0.02484 | K8: =E8*G8/100 -> 0.65205 | L8: =E8*H8/100 -> 0.68724 | M8: =E8*I8/1000 -> 1.4076 | N8: 648.6
B9: A | C9: 690 | D9: 3 | E9: =C9*D9/100 -> 20.7 | F9: 0.14 | G9: 4.48 | H9: 4.07 | I9: 80 | J9: =E9*F9/100 -> 0.02898 | K9: =E9*G9/100 -> 0.92736 | L9: =E9*H9/100 -> 0.84249 | M9: =E9*I9/1000 -> 1.656 | N9: 648.6
B10: B | C10: 620 | D10: 3 | E10: =C10*D10/100 -> 18.6 | F10: 0.13 | G10: 3.44 | H10: 3.63 | I10: 74 | J10: =E10*F10/100 -> 0.02418 | K10: =E10*G10/100 -> 0.63984 | L10: =E10*H10/100 -> 0.67518 | M10: =E10*I10/1000 -> 1.3764 | N10: 582.8
B11: C | C11: 690 | D11: 3 | E11: =C11*D11/100 -> 20.7 | F11: 0.12 | G11: 3.23 | H11: 3.55 | I11: 69 | J11: =E11*F11/100 -> 0.02484 | K11: =E11*G11/100 -> 0.66861 | L11: =E11*H11/100 -> 0.73485 | M11: =E11*I11/1000 -> 1.4283 | N11: 648.6
A12: 所提品位 | B12: 甲 | F12: =J6/N6*100 -> 0.0044680851 | G12: =K6/N6*100 -> 0.13946809 | H12: =L6/N6*100 -> 0.11457447 | I12: =M6/N6*1000 -> 2.7446809
B13: 乙 | F13: =J7/N7*100 -> 0.0038297872 | G13: =K7/N7*100 -> 0.10340426 | H13: =L7/N7*100 -> 0.10787234 | I13: =M7/N7*1000 -> 1.9787234
B14: 丙 | F14: =J8/N8*100 -> 0.0038297872 | G14: =K8/N8*100 -> 0.10053191 | H14: =L8/N8*100 -> 0.10595745 | I14: =M8/N8*1000 -> 2.1702128
B15: A | F15: =J9/N9*100 -> 0.0044680851 | G15: =K9/N9*100 -> 0.14297872 | H15: =L9/N9*100 -> 0.12989362 | I15: =M9/N9*1000 -> 2.5531915
B16: B | F16: =J10/N10*100 -> 0.0041489362 | G16: =K10/N10*100 -> 0.10978723 | H16: =L10/N10*100 -> 0.11585106 | I16: =M10/N10*1000 -> 2.3617021
B17: C | F17: =J11/N11*100 -> 0.0038297872 | G17: =K11/N11*100 -> 0.10308511 | H17: =L11/N11*100 -> 0.11329787 | I17: =M11/N11*1000 -> 2.2021277
A18: 累加后品位 | B18: 甲 | C18: =C6 -> 690 | F18: =F6+F12 -> 0.14446809 | G18: =G6+G12 -> 4.5094681 | H18: =H6+H12 -> 3.7045745 | I18: =I6+I12 -> 88.744681
B19: 乙 | C19: =C7 -> 650 | F19: =F7+F13 -> 0.12382979 | G19: =G7+G13 -> 3.3434043 | H19: =H7+H13 -> 3.4878723 | I19: =I7+I13 -> 63.978723
B20: 丙 | C20: =C8 -> 690 | F20: =F8+F14 -> 0.12382979 | G20: =G8+G14 -> 3.2505319 | H20: =H8+H14 -> 3.4259574 | I20: =I8+I14 -> 70.170213
B21: 累计
B22: A | C22: =C9 -> 690 | F22: =F9+F15 -> 0.14446809 | G22: =G9+G15 -> 4.6229787 | H22: =H9+H15 -> 4.1998936 | I22: =I9+I15 -> 82.553191
B23: B | C23: =C10 -> 620 | F23: =F10+F16 -> 0.13414894 | G23: =G10+G16 -> 3.5497872 | H23: =H10+H16 -> 3.7458511 | I23: =I10+I16 -> 76.361702
B24: C | C24: =C11 -> 690 | F24: =F11+F17 -> 0.12382979 | G24: =G11+G17 -> 3.3330851 | H24: =H11+H17 -> 3.6632979 | I24: =I11+I17 -> 71.202128
B25: 累计
A26: 3%报表原矿本日 | C26: =C27 -> #REF! | E26: 3909.1 | F26: 0.1283871 | G26: 3.6594293 | H26: 3.5913896 | I26: 73.263027 | J26: 5.01878 | K26: 143.05075 | L26: 140.39101 | M26: 286.3925
A27: 6%报表原矿本日 | C27: =#REF! -> #REF! | E27: =#REF! -> #REF! | F27: =#REF! -> #REF! | G27: =#REF! -> #REF! | H27: =#REF! -> #REF! | I27: =#REF! -> #REF! | J27: =#REF! -> #REF! | K27: =#REF! -> #REF! | L27: =#REF! -> #REF! | M27: =#REF! -> #REF!
G28: =G27+H27 -> #REF! | J28: =J26-J27 -> #REF! | K28: =K26-K27 -> #REF! | L28: =L26-L27 -> #REF! | M28: =M26-M27 -> #REF!
A31: 荣达选矿三厂生产日报（3%-6%水分金属平衡表）
A34: 日期 | B34: 班别 | C34: 处 理 量 | F34: 品 位 | J34: 金 属 量
C35: 湿量（T） | D35: 水份（%） | E35: 干量（T） | F35: 铜（%） | G35: 铅（%） | H35: 锌（%） | I35: 银（g/t） | J35: 铜（T） | K35: 铅（T） | L35: 锌（T） | M35: 银（Kg）
A36: =基础数据!A2 -> 45836 | B36: 甲 | C36: ='1车间表1'!F7 -> 0 | D36: 3 | E36: =C36*(1-D36%) -> 0 | F36: ='1车间表1'!#REF! -> #REF! | G36: ='1车间表1'!I7 -> 0 | H36: ='1车间表1'!J7 -> 0 | I36: ='1车间表1'!K7 -> 0 | J36: =E36*F36/100 -> #REF! | K36: =E36*G36/100 -> 0 | L36: =E36*H36/100 -> 0 | M36: =E36*I36/1000 -> 0
B37: 乙 | C37: ='1车间表1'!F8 -> 128 | D37: 3 | E37: =C37*(1-D37%) -> 124.16 | F37: ='1车间表1'!#REF! -> #REF! | G37: ='1车间表1'!I8 -> 3.75 | H37: ='1车间表1'!J8 -> 0 | I37: ='1车间表1'!K8 -> 161 | J37: =E37*F37/100 -> #REF! | K37: =E37*G37/100 -> 4.656 | L37: =E37*H37/100 -> 0 | M37: =E37*I37/1000 -> 19.98976
B38: 丙 | C38: ='1车间表1'!F9 -> 128 | D38: 3 | E38: =C38*(1-D38%) -> 124.16 | F38: ='1车间表1'!#REF! -> #REF! | G38: ='1车间表1'!I9 -> 4.07 | H38: ='1车间表1'!J9 -> 0 | I38: ='1车间表1'!K9 -> 230 | J38: =E38*F38/100 -> #REF! | K38: =E38*G38/100 -> 5.053312 | L38: =E38*H38/100 -> 0 | M38: =E38*I38/1000 -> 28.5568
B39: A | C39: ='2车间表1'!F7 -> 0 | D39: 3 | E39: =C39*(1-D39%) -> 0 | F39: ='2车间表1'!#REF! -> #REF! | G39: ='2车间表1'!I7 -> 0 | H39: ='2车间表1'!J7 -> 0 | I39: ='2车间表1'!K7 -> 0 | J39: =E39*F39/100 -> #REF! | K39: =E39*G39/100 -> 0 | L39: =E39*H39/100 -> 0 | M39: =E39*I39/1000 -> 0
B40: B | C40: ='2车间表1'!F8 -> 0 | D40: 3 | E40: =C40*(1-D40%) -> 0 | F40: ='2车间表1'!#REF! -> #REF! | G40: ='2车间表1'!I8 -> 0 | H40: ='2车间表1'!J8 -> 0 | I40: ='2车间表1'!K8 -> 0 | J40: =E40*F40/100 -> #REF! | K40: =E40*G40/100 -> 0 | L40: =E40*H40/100 -> 0 | M40: =E40*I40/1000 -> 0
B41: C | C41: ='2车间表1'!F9 -> 0 | D41: 3 | E41: =C41*(1-D41%) -> 0 | F41: ='2车间表1'!#REF! -> #REF! | G41: ='2车间表1'!I9 -> 0 | H41: ='2车间表1'!J9 -> 0 | I41: ='2车间表1'!K9 -> 0 | J41: =E41*F41/100 -> #REF! | K41: =E41*G41/100 -> 0 | L41: =E41*H41/100 -> 0 | M41: =E41*I41/1000 -> 0
A42: 所提品位 | B42: 甲
B43: 乙
B44: 丙
B45: A
B46: B
B47: C
A48: 累加后品位 | B48: 甲 | C48: =C36 -> 0 | D48: 7.25 | E48: =C48*(1-D48%) -> 0 | F48: =J48/E48*100 -> #REF! | G48: =K48/E48*100 -> #DIV/0! | H48: =L48/E48*100 -> #DIV/0! | I48: =M48/E48*1000 -> #DIV/0! | J48: =J36 -> #REF! | K48: =K36 -> 0 | L48: =L36 -> 0 | M48: =M36 -> 0
B49: 乙 | C49: =C37 -> 128 | D49: 7.25 | E49: =C49*(1-D49%) -> 118.72 | F49: =J49/E49*100 -> #REF! | G49: =K49/E49*100 -> 3.9218329 | H49: =L49/E49*100 -> 0 | I49: =M49/E49*1000 -> 168.37736 | J49: =J37 -> #REF! | K49: =K37 -> 4.656 | L49: =L37 -> 0 | M49: =M37 -> 19.98976
B50: 丙 | C50: =C38 -> 128 | D50: 7.25 | E50: =C50*(1-D50%) -> 118.72 | F50: =J50/E50*100 -> #REF! | G50: =K50/E50*100 -> 4.256496 | H50: =L50/E50*100 -> 0 | I50: =M50/E50*1000 -> 240.53908 | J50: =J38 -> #REF! | K50: =K38 -> 5.053312 | L50: =L38 -> 0 | M50: =M38 -> 28.5568
B51: 累计 | C51: =SUM(C48:C50) -> 256 | E51: =SUM(E48:E50) -> 237.44 | F51: =J51/E51*100 -> #REF! | G51: =K51/E51*100 -> 4.0891644 | H51: =L51/E51*100 -> 0 | I51: =M51/E51*1000 -> 204.45822 | J51: =SUM(J48:J50) -> #REF! | K51: =SUM(K48:K50) -> 9.709312 | L51: =SUM(L48:L50) -> 0 | M51: =SUM(M48:M50) -> 48.54656
B52: A | C52: =C39 -> 0 | D52: 7.25 | E52: =C52*(1-D52%) -> 0 | F52: =J52/E52*100 -> #REF! | G52: =K52/E52*100 -> #DIV/0! | H52: =L52/E52*100 -> #DIV/0! | I52: =M52/E52*1000 -> #DIV/0! | J52: =J39 -> #REF! | K52: =K39 -> 0 | L52: =L39 -> 0 | M52: =M39 -> 0
B53: B | C53: =C40 -> 0 | D53: 7.25 | E53: =C53*(1-D53%) -> 0 | F53: =J53/E53*100 -> #REF! | G53: =K53/E53*100 -> #DIV/0! | H53: =L53/E53*100 -> #DIV/0! | I53: =M53/E53*1000 -> #DIV/0! | J53: =J40 -> #REF! | K53: =K40 -> 0 | L53: =L40 -> 0 | M53: =M40 -> 0
B54: C | C54: =C41 -> 0 | D54: 7.25 | E54: =C54*(1-D54%) -> 0 | F54: =J54/E54*100 -> #REF! | G54: =K54/E54*100 -> #DIV/0! | H54: =L54/E54*100 -> #DIV/0! | I54: =M54/E54*1000 -> #DIV/0! | J54: =J41 -> #REF! | K54: =K41 -> 0 | L54: =L41 -> 0 | M54: =M41 -> 0
B55: 累计 | C55: =SUM(C52:C54) -> 0 | E55: =SUM(E52:E54) -> 0 | F55: =J55/E55*100 -> #REF! | G55: =K55/E55*100 -> #DIV/0! | H55: =L55/E55*100 -> #DIV/0! | I55: =M55/E55*1000 -> #DIV/0! | J55: =SUM(J52:J54) -> #REF! | K55: =SUM(K52:K54) -> 0 | L55: =SUM(L52:L54) -> 0 | M55: =SUM(M52:M54) -> 0
A56: 3%报表原矿本日 | C56: =C57 -> #REF! | E56: ='班组统计台账（3%）日累'!D8 -> 248.32 | F56: ='班组统计台账（3%）日累'!#REF! -> #REF! | G56: ='班组统计台账（3%）日累'!E8 -> 3.91 | H56: ='班组统计台账（3%）日累'!F8 -> 0 | I56: ='班组统计台账（3%）日累'!G8 -> 195.5 | J56: ='班组统计台账（3%）日累'!#REF! -> #REF! | K56: ='班组统计台账（3%）日累'!H8 -> 9.709312 | L56: ='班组统计台账（3%）日累'!I8 -> 0 | M56: ='班组统计台账（3%）日累'!J8 -> 48.54656
A57: 7.25%报表原矿本日 | C57: =#REF! -> #REF! | E57: =#REF! -> #REF! | F57: =#REF! -> #REF! | G57: =#REF! -> #REF! | H57: =#REF! -> #REF! | I57: =#REF! -> #REF! | J57: =#REF! -> #REF! | K57: =#REF! -> #REF! | L57: =#REF! -> #REF! | M57: =#REF! -> #REF!
A58: 降收率表 | E58: =#REF! -> #REF! | F58: =#REF! -> #REF! | G58: =#REF! -> #REF! | H58: =#REF! -> #REF! | I58: =#REF! -> #REF! | J58: =#REF! -> #REF! | K58: =#REF! -> #REF! | L58: =#REF! -> #REF! | M58: =#REF! -> #REF!
G59: =G57+H57 -> #REF! | J59: =J56-J57 -> #REF! | K59: =K56-K57 -> #REF! | L59: =L56-L57 -> #REF! | M59: =M56-M57 -> #REF!

Sheet 日报表
A1: 荣达选矿三厂生产定期统计日报表
A2: 42539
A3: 填报单位:荣达选矿三厂 | I3: 填报时间： | J3: 42540
A4: 当地天气：多云转阴 | E4: 当天气温：0℃～1℃
A5: 序号 | B5: 名 称 | C5: 单位 | D5: 月计划 | E5: 本日 | F5: 本月累计 | G5: 完成月计划（％） | H5: 年计划 | I5: 本年累计 | J5: 完成年计划（％） | K5: 同比(%)
B6: 选矿系统
A7: 1 | B7: 入厂矿石
A8: 1.1 | B8: 矿石量 | C8: 吨 | E8: 6172.68 | F8: 39829.66 | I8: 59568.59
A9: 2 | B9: 选厂库（堆）存原矿量 | C9: 吨
A10: 3 | B10: 入选处理原矿
A11: 3.1 | B11: 湿重 | C11: 吨 | E11: =#REF! -> #REF! | F11: =#REF! -> #REF! | G11: =F11/D11*100 -> #REF! | I11: =#REF! -> #REF! | J11: =I11/H11*100 -> #REF!
B12: 干重 | C12: 吨 | E12: =#REF! -> #REF! | F12: =#REF! -> #REF! | G12: =F12/D12*100 -> #REF! | I12: =#REF! -> #REF! | J12: =I12/H12*100 -> #REF!
B13: 水份 | C13: % | E13: =(日报表!E11-日报表!E12)/日报表!E11*100 -> #REF! | F13: =(日报表!F11-日报表!F12)/日报表!F11*100 -> #REF! | G13: =F13/D13*100 -> #REF! | I13: =(日报表!I11-日报表!I12)/日报表!I11*100 -> #REF! | J13: =I13/H13*100 -> #REF!
A14: 3.2 | B14: 铅品位 | C14: % | E14: =#REF! -> #REF! | F14: =#REF! -> #REF! | G14: =F14/D14*100 -> #REF! | I14: =#REF! -> #REF! | J14: =I14/H14*100 -> #REF!
B15: 铅金属量 | C15: 吨 | E15: =#REF! -> #REF! | F15: =#REF! -> #REF! | G15: =F15/D15*100 -> #REF! | I15: =#REF! -> #REF! | J15: =I15/H15*100 -> #REF!
A16: 3.3 | B16: 锌品位 | C16: % | E16: =#REF! -> #REF! | F16: =#REF! -> #REF! | G16: =F16/D16*100 -> #REF! | I16: =#REF! -> #REF! | J16: =I16/H16*100 -> #REF!
B17: 锌金属量 | C17: 吨 | E17: =#REF! -> #REF! | F17: =#REF! -> #REF! | G17: =F17/D17*100 -> #REF! | I17: =#REF! -> #REF! | J17: =I17/H17*100 -> #REF!
A18: 3.4 | B18: 铜品位 | C18: % | E18: =#REF! -> #REF! | F18: =#REF! -> #REF! | G18: =F18/D18*100 -> #REF! | I18: =#REF! -> #REF! | J18: =I18/H18*100 -> #REF!
B19: 铜金属量 | C19: 吨 | E19: =#REF! -> #REF! | F19: =#REF! -> #REF! | G19: =F19/D19*100 -> #REF! | I19: =#REF! -> #REF! | J19: =I19/H19*100 -> #REF!
A20: 3.5 | B20: 银品位 | C20: 克/吨 | E20: =#REF! -> #REF! | F20: =#REF! -> #REF! | G20: =F20/D20*100 -> #REF! | I20: =#REF! -> #REF! | J20: =I20/H20*100 -> #REF!
B21: 银金属量 | C21: 公斤 | E21: =#REF! -> #REF! | F21: =#REF! -> #REF! | G21: =F21/D21*100 -> #REF! | I21: =#REF! -> #REF! | J21: =I21/H21*100 -> #REF!
A23: 4 | B23: 产出产品
A24: 4.1 | B24: 铅精矿
A25: 4.1.1 | B25: 湿重 | C25: 吨 | E25: =E26/0.9 -> #REF! | F25: =F26/0.9 -> #REF! | G25: =F25/D25*100 -> #REF! | I25: =I26/0.9 -> #REF! | J25: =I25/H25*100 -> #REF!
B26: 干重 | C26: 吨 | E26: =#REF! -> #REF! | F26: =#REF! -> #REF! | G26: =F26/D26*100 -> #REF! | I26: =#REF! -> #REF! | J26: =I26/H26*100 -> #REF!
B27: 水分 | C27: % | E27: 10 | F27: 10 | G27: =F27/D27*100 -> #DIV/0! | I27: 10 | J27: =I27/H27*100 -> #DIV/0!
A28: 4.1.2 | B28: 铅品位 | C28: % | E28: =#REF! -> #REF! | F28: =#REF! -> #REF! | G28: =F28/D28*100 -> #REF! | I28: =#REF! -> #REF! | J28: =I28/H28*100 -> #REF!
B29: 铅金属量 | C29: 吨 | E29: =#REF! -> #REF! | F29: =#REF! -> #REF! | G29: =F29/D29*100 -> #REF! | I29: =#REF! -> #REF! | J29: =I29/H29*100 -> #REF!
A30: 4.1.3 | B30: 锌品位 | C30: % | E30: =#REF! -> #REF! | F30: =#REF! -> #REF! | G30: =F30/D30*100 -> #REF! | I30: =#REF! -> #REF! | J30: =I30/H30*100 -> #REF!
B31: 锌金属量 | C31: 吨 | E31: =#REF! -> #REF! | F31: =#REF! -> #REF! | G31: =F31/D31*100 -> #REF! | I31: =#REF! -> #REF! | J31: =I31/H31*100 -> #REF!
A32: 4.1.4 | B32: 铜品位 | C32: % | E32: =#REF! -> #REF! | F32: =#REF! -> #REF! | G32: =F32/D32*100 -> #REF! | I32: =#REF! -> #REF! | J32: =I32/H32*100 -> #REF!
B33: 铜金属量 | C33: 吨 | E33: =#REF! -> #REF! | F33: =#REF! -> #REF! | G33: =F33/D33*100 -> #REF! | I33: =#REF! -> #REF! | J33: =I33/H33*100 -> #REF!
A34: 4.1.5 | B34: 银品位 | C34: 克/吨 | E34: =#REF! -> #REF! | F34: =#REF! -> #REF! | G34: =F34/D34*100 -> #REF! | I34: =#REF! -> #REF! | J34: =I34/H34*100 -> #REF!
B35: 银金属量 | C35: 公斤 | E35: =#REF! -> #REF! | F35: =#REF! -> #REF! | G35: =F35/D35*100 -> #REF! | I35: =#REF! -> #REF! | J35: =I35/H35*100 -> #REF!
A36: 4.2 | B36: 锌精矿
A37: 4.2.1 | B37: 湿重 | C37: 吨 | E37: =E38/0.9 -> #REF! | F37: =F38/0.9 -> #REF! | G37: =F37/D37*100 -> #REF! | I37: =I38/0.9 -> #REF! | J37: =I37/H37*100 -> #REF!
B38: 干重 | C38: 吨 | E38: =#REF! -> #REF! | F38: =#REF! -> #REF! | G38: =F38/D38*100 -> #REF! | I38: =#REF! -> #REF! | J38: =I38/H38*100 -> #REF!
B39: 水分 | C39: % | E39: 10 | F39: 10 | G39: =F39/D39*100 -> #DIV/0! | I39: 10 | J39: =I39/H39*100 -> #DIV/0!
A40: 4.2.2 | B40: 铅品位 | C40: % | E40: =#REF! -> #REF! | F40: =#REF! -> #REF! | G40: =F40/D40*100 -> #REF! | I40: =#REF! -> #REF! | J40: =I40/H40*100 -> #REF!
B41: 铅金属量 | C41: 吨 | E41: =#REF! -> #REF! | F41: =#REF! -> #REF! | G41: =F41/D41*100 -> #REF! | I41: =#REF! -> #REF! | J41: =I41/H41*100 -> #REF!
A42: 4.2.3 | B42: 锌品位 | C42: % | E42: =#REF! -> #REF! | F42: =#REF! -> #REF! | G42: =F42/D42*100 -> #REF! | I42: =#REF! -> #REF! | J42: =I42/H42*100 -> #REF!
B43: 锌金属量 | C43: 吨 | E43: =#REF! -> #REF! | F43: =#REF! -> #REF! | G43: =F43/D43*100 -> #REF! | I43: =#REF! -> #REF! | J43: =I43/H43*100 -> #REF!
A44: 4.2.4 | B44: 铜品位 | C44: % | E44: =#REF! -> #REF! | F44: =#REF! -> #REF! | G44: =F44/D44*100 -> #REF! | I44: =#REF! -> #REF! | J44: =I44/H44*100 -> #REF!
B45: 铜金属量 | C45: 吨 | E45: =#REF! -> #REF! | F45: =#REF! -> #REF! | G45: =F45/D45*100 -> #REF! | I45: =#REF! -> #REF! | J45: =I45/H45*100 -> #REF!
A46: 4.2.5 | B46: 银品位 | C46: 克/吨 | E46: =#REF! -> #REF! | F46: =#REF! -> #REF! | G46: =F46/D46*100 -> #REF! | I46: =#REF! -> #REF! | J46: =I46/H46*100 -> #REF!
B47: 银金属量 | C47: 公斤 | E47: =#REF! -> #REF! | F47: =#REF! -> #REF! | G47: =F47/D47*100 -> #REF! | I47: =#REF! -> #REF! | J47: =I47/H47*100 -> #REF!
A48: 4.3 | B48: 铜精矿
A49: 4.3.1 | B49: 湿重 | C49: 吨 | E49: =E50/0.9 -> #REF! | F49: =F50/0.9 -> #REF! | G49: =F49/D49*100 -> #REF! | I49: =I50/0.9 -> #REF! | J49: =I49/H49*100 -> #REF!
B50: 干重 | C50: 吨 | E50: =#REF! -> #REF! | F50: =#REF! -> #REF! | G50: =F50/D50*100 -> #REF! | I50: =#REF! -> #REF! | J50: =I50/H50*100 -> #REF!
B51: 水分 | C51: % | E51: 12 | F51: 12 | G51: =F51/D51*100 -> #DIV/0! | I51: 12 | J51: =I51/H51*100 -> #DIV/0!
A52: 4.3.2 | B52: 铅品位 | C52: % | E52: =#REF! -> #REF! | F52: =#REF! -> #REF! | G52: =F52/D52*100 -> #REF! | I52: =#REF! -> #REF! | J52: =I52/H52*100 -> #REF!
B53: 铅金属量 | C53: 吨 | E53: =#REF! -> #REF! | F53: =#REF! -> #REF! | G53: =F53/D53*100 -> #REF! | I53: =#REF! -> #REF! | J53: =I53/H53*100 -> #REF!
A54: 4.3.3 | B54: 锌品位 | C54: % | E54: =#REF! -> #REF! | F54: =#REF! -> #REF! | G54: =F54/D54*100 -> #REF! | I54: =#REF! -> #REF! | J54: =I54/H54*100 -> #REF!
B55: 锌金属量 | C55: 吨 | E55: =#REF! -> #REF! | F55: =#REF! -> #REF! | G55: =F55/D55*100 -> #REF! | I55: =#REF! -> #REF! | J55: =I55/H55*100 -> #REF!
A56: 4.3.4 | B56: 铜品位 | C56: % | E56: =#REF! -> #REF! | F56: =#REF! -> #REF! | G56: =F56/D56*100 -> #REF! | I56: =#REF! -> #REF! | J56: =I56/H56*100 -> #REF!
B57: 铜金属量 | C57: 吨 | E57: =#REF! -> #REF! | F57: =#REF! -> #REF! | G57: =F57/D57*100 -> #REF! | I57: =#REF! -> #REF! | J57: =I57/H57*100 -> #REF!
A58: 4.3.5 | B58: 银品位 | C58: 克/吨 | E58: =#REF! -> #REF! | F58: =#REF! -> #REF! | G58: =F58/D58*100 -> #REF! | I58: =#REF! -> #REF! | J58: =I58/H58*100 -> #REF!
B59: 银金属量 | C59: 公斤 | E59: =#REF! -> #REF! | F59: =#REF! -> #REF! | G59: =F59/D59*100 -> #REF! | I59: =#REF! -> #REF! | J59: =I59/H59*100 -> #REF!
A60: 4.4 | B60: 尾矿
A61: 4.4.1 | B61: 干重 | C61: 吨 | E61: =#REF! -> #REF! | F61: =#REF! -> #REF! | G61: =F61/D61*100 -> #REF! | I61: =#REF! -> #REF! | J61: =I61/H61*100 -> #REF!
A62: 4.4.2 | B62: 铅品位 | C62: % | E62: =#REF! -> #REF! | F62: =#REF! -> #REF! | G62: =F62/D62*100 -> #REF! | I62: =#REF! -> #REF! | J62: =I62/H62*100 -> #REF!
B63: 铅金属量 | C63: 吨 | E63: =#REF! -> #REF! | F63: =#REF! -> #REF! | G63: =F63/D63*100 -> #REF! | I63: =#REF! -> #REF! | J63: =I63/H63*100 -> #REF!
A64: 4.4.3 | B64: 锌品位 | C64: % | E64: =#REF! -> #REF! | F64: =#REF! -> #REF! | G64: =F64/D64*100 -> #REF! | I64: =#REF! -> #REF! | J64: =I64/H64*100 -> #REF!
B65: 锌金属量 | C65: 吨 | E65: =#REF! -> #REF! | F65: =#REF! -> #REF! | G65: =F65/D65*100 -> #REF! | I65: =#REF! -> #REF! | J65: =I65/H65*100 -> #REF!
A66: 4.4.4 | B66: 铜品位 | C66: % | E66: =#REF! -> #REF! | F66: =#REF! -> #REF! | G66: =F66/D66*100 -> #REF! | I66: =#REF! -> #REF! | J66: =I66/H66*100 -> #REF!
B67: 铜金属量 | C67: 吨 | E67: =#REF! -> #REF! | F67: =#REF! -> #REF! | G67: =F67/D67*100 -> #REF! | I67: =#REF! -> #REF! | J67: =I67/H67*100 -> #REF!
A68: 4.4.5 | B68: 银品位 | C68: 克/吨 | E68: =#REF! -> #REF! | F68: =#REF! -> #REF! | G68: =F68/D68*100 -> #REF! | I68: =#REF! -> #REF! | J68: =I68/H68*100 -> #REF!
B69: 银金属量 | C69: 公斤 | E69: =#REF! -> #REF! | F69: =#REF! -> #REF! | G69: =F69/D69*100 -> #REF! | I69: =#REF! -> #REF! | J69: =I69/H69*100 -> #REF!
A71: 5 | B71: 实际回收率
A72: 5.1 | B72: 铅精矿 | C72: % | G72: =F72/D72*100 -> #DIV/0! | J72: =I72/H72*100 -> #DIV/0!
A73: 5.2 | B73: 锌精矿 | C73: % | G73: =F73/D73*100 -> #DIV/0! | J73: =I73/H73*100 -> #DIV/0!
A74: 5.3 | B74: 铜精矿 | C74: % | G74: =F74/D74*100 -> #DIV/0! | J74: =I74/H74*100 -> #DIV/0!
B75: 银回收率 | C75: % | G75: =F75/D75*100 -> #DIV/0! | J75: =I75/H75*100 -> #DIV/0!
A77: 6 | B77: 验收产品
A78: 6.1 | B78: 铅精矿
A79: 6.1.1 | B79: 湿重 | C79: 吨 | F79: 2350.18 | G79: =F79/D79*100 -> #DIV/0! | I79: 2350.18 | J79: =I79/H79*100 -> #DIV/0!
B80: 干重 | C80: 吨 | G80: =F80/D80*100 -> #DIV/0! | J80: =I80/H80*100 -> #DIV/0!
B81: 水分 | C81: % | G81: =F81/D81*100 -> #DIV/0! | J81: =I81/H81*100 -> #DIV/0!
A82: 6.1.2 | B82: 铅品位 | C82: % | G82: =F82/D82*100 -> #DIV/0! | J82: =I82/H82*100 -> #DIV/0!
B83: 铅金属量 | C83: 吨 | G83: =F83/D83*100 -> #DIV/0! | J83: =I83/H83*100 -> #DIV/0!
A84: 6.1.5 | B84: 银品位 | C84: 克/吨 | G84: =F84/D84*100 -> #DIV/0! | J84: =I84/H84*100 -> #DIV/0!
B85: 银金属量 | C85: 公斤 | G85: =F85/D85*100 -> #DIV/0! | J85: =I85/H85*100 -> #DIV/0!
A86: 6.2 | B86: 锌精矿
A87: 6.2.1 | B87: 湿重 | C87: 吨 | E87: 1023.74 | F87: 2914.54 | G87: =F87/D87*100 -> #DIV/0! | I87: 2914.54 | J87: =I87/H87*100 -> #DIV/0!
B88: 干重 | C88: 吨 | G88: =F88/D88*100 -> #DIV/0! | J88: =I88/H88*100 -> #DIV/0!
B89: 水分 | C89: % | G89: =F89/D89*100 -> #DIV/0! | J89: =I89/H89*100 -> #DIV/0!
A90: 6.2.3 | B90: 锌品位 | C90: % | G90: =F90/D90*100 -> #DIV/0! | J90: =I90/H90*100 -> #DIV/0!
B91: 锌金属量 | C91: 吨 | G91: =F91/D91*100 -> #DIV/0! | J91: =I91/H91*100 -> #DIV/0!
A92: 6.3 | B92: 铜精矿
A93: 6.3.1 | B93: 湿重 | C93: 吨 | E93: 0 | F93: 0 | G93: =F93/D93*100 -> #DIV/0! | I93: 0 | J93: =I93/H93*100 -> #DIV/0!
B94: 干重 | C94: 吨 | G94: =F94/D94*100 -> #DIV/0! | J94: =I94/H94*100 -> #DIV/0!
B95: 水分 | C95: % | G95: =F95/D95*100 -> #DIV/0! | J95: =I95/H95*100 -> #DIV/0!
A96: 6.3.4 | B96: 铜品位 | C96: % | G96: =F96/D96*100 -> #DIV/0! | J96: =I96/H96*100 -> #DIV/0!
B97: 铜金属量 | C97: 吨 | G97: =F97/D97*100 -> #DIV/0! | J97: =I97/H97*100 -> #DIV/0!
A98: 6.3.5 | B98: 银品位 | C98: 克/吨 | G98: =F98/D98*100 -> #DIV/0! | J98: =I98/H98*100 -> #DIV/0!
B99: 银金属量 | C99: 公斤 | G99: =F99/D99*100 -> #DIV/0! | J99: =I99/H99*100 -> #DIV/0!
A101: 7 | B101: 库存精矿量
A102: 7.1 | B102: 铅精矿（湿重）
A103: 7.2 | B103: 锌精矿（湿重）
A104: 7.3 | B104: 铜精矿（湿重）
...

Sheet 生产简报
A1: 选矿三厂生产统计日报表
A2: =#REF! -> #REF!
A3: 序号 | B3: 指标名称 | C3: 单位 | D3: 本日 | E3: 本月累计 | F3: 本年累计
A4: 1 | B4: 选矿处理矿石
A5: 1.1 | B5: 选矿量 | C5: t | D5: =#REF! -> #REF! | E5: =#REF! -> #REF! | F5: =#REF! -> #REF!
A6: 1.2 | B6: 选矿品位(铅+锌） | C6: % | D6: =#REF!+#REF! -> #REF! | E6: =#REF!+#REF! -> #REF! | F6: =#REF!+#REF! -> #REF!
A7: 2 | B7: 精矿品位
A8: 2.1 | B8: 铅精矿
B9: 含铅 | C9: % | D9: =#REF! -> #REF! | E9: =#REF! -> #REF! | F9: =#REF! -> #REF!
B10: 含锌 | C10: % | D10: =#REF! -> #REF! | E10: =#REF! -> #REF! | F10: =#REF! -> #REF!
B11: 含铜 | C11: % | D11: =#REF! -> #REF! | E11: =#REF! -> #REF! | F11: =#REF! -> #REF!
B12: 含银 | C12: g/t | D12: =#REF! -> #REF! | E12: =#REF! -> #REF! | F12: =#REF! -> #REF!
A13: 2.2 | B13: 锌精矿
B14: 含铅 | C14: % | D14: =#REF! -> #REF! | E14: =#REF! -> #REF! | F14: =#REF! -> #REF!
B15: 含锌 | C15: % | D15: =#REF! -> #REF! | E15: =#REF! -> #REF! | F15: =#REF! -> #REF!
B16: 含铜 | C16: % | D16: =#REF! -> #REF! | E16: =#REF! -> #REF! | F16: =#REF! -> #REF!
B17: 含银 | D17: =#REF! -> #REF! | E17: =#REF! -> #REF! | F17: =#REF! -> #REF!
A18: 2.3 | B18: 铜精矿
B19: 含铅 | C19: % | D19: =#REF! -> #REF! | E19: =#REF! -> #REF! | F19: =#REF! -> #REF!
B20: 含锌 | C20: % | D20: =#REF! -> #REF! | E20: =#REF! -> #REF! | F20: =#REF! -> #REF!
B21: 含铜 | C21: % | D21: =#REF! -> #REF! | E21: =#REF! -> #REF! | F21: =#REF! -> #REF!
B22: 含银 | C22: g/t | D22: =#REF! -> #REF! | E22: =#REF! -> #REF! | F22: =#REF! -> #REF!
A23: 3 | B23: 尾矿品位
B24: 含铅 | C24: % | D24: =#REF! -> #REF! | E24: =#REF! -> #REF! | F24: =#REF! -> #REF!
B25: 含锌 | C25: % | D25: =#REF! -> #REF! | E25: =#REF! -> #REF! | F25: =#REF! -> #REF!
B26: 含铜 | C26: % | D26: =#REF! -> #REF! | E26: =#REF! -> #REF! | F26: =#REF! -> #REF!
B27: 含银 | C27: g/t | D27: =#REF! -> #REF! | E27: =#REF! -> #REF! | F27: =#REF! -> #REF!
A28: 4 | B28: 回收率
B29: 铅 | C29: % | D29: =#REF! -> #REF! | E29: =#REF! -> #REF! | F29: =#REF! -> #REF!
B30: 锌 | C30: % | D30: =#REF! -> #REF! | E30: =#REF! -> #REF! | F30: =#REF! -> #REF!
B31: 铜 | C31: % | D31: =#REF! -> #REF! | E31: =#REF! -> #REF! | F31: =#REF! -> #REF!
B32: 银 | C32: % | D32: =#REF! -> #REF! | E32: =#REF! -> #REF! | F32: =#REF! -> #REF!
A33: 5 | B33: 库存情况
B34: 原矿石 | C34: t | D34: 7144
B35: 铅精矿 | C35: t | D35: 770
B36: 锌精矿 | C36: t | D36: 650
B37: 铜精矿 | C37: t | D37: 145

Sheet 公司周一-周日 周累 
A1: 荣达矿业选矿厂生产隆腾矿统计台账-1 | Q1: =基础数据!A2 -> 45836 | S1: 荣达矿业选矿厂生产隆腾矿统计台账-2 | AI1: =Q1 -> 45836
B2: 运转时间(时) | C2: 原 矿 | L2: 铅 精 | S2: 锌 精 | AA2: 尾 矿 | CV2: 本日累计 | CW2: 本周累计
C3: 矿 量 | S3: 干量 | CS3: 铅金属回收率（%） | CV3: =AH8 -> 97.34854 | CW3: =AH16 -> 97.312632
C4: 湿量(T) | D4: 干量(T) | E4: Pb (%) | F4: Zn (%) | G4: Ag (%) | H4: Pb (T) | I4: Zn (T) | J4: Ag (Kg) | L4: 干量(T) | M4: Pb (%) | N4: Zn (%) | O4: Ag (%) | P4: Pb (T) | Q4: Zn (T) | R4: Ag (Kg) | T4: Pb (%) | U4: Zn (%) | V4: Ag (%) | W4: Pb (T) | X4: Zn (T) | Y4: Ag (Kg) | AA4: 干量(T) | AB4: Pb (%) | AC4: Zn (%) | AD4: Ag (%) | AE4: Pb (T) | AF4: Zn (T) | AG4: Ag (Kg) | AH4: Pb (%) | AI4: Zn (%) | AJ4: Ag (%) | CS4: 铅精矿铅品位（%） | CV4: =M8 -> 65.670863 | CW4: =M16 -> 61.080469
A5: 一日累 | B5: ='1车间表1'!E10 -> 16 | C5: ='1车间表1'!F10 -> 256 | D5: ='1车间表1'!H10 -> 248.32 | E5: ='1车间表1'!I10 -> 3.91 | F5: ='1车间表1'!J10 -> 0 | G5: ='1车间表1'!K10 -> 195.5 | H5: ='1车间表1'!M10 -> 9.709312 | I5: ='1车间表1'!N10 -> 0 | J5: ='1车间表1'!O10 -> 48.54656 | K5: 一日累 | L5: ='1车间表1'!D17 -> 14.392796 | M5: ='1车间表1'!F17 -> 65.670863 | N5: ='1车间表1'!G17 -> 0 | O5: ='1车间表1'!H17 -> 3366.5768 | P5: ='1车间表1'!I17 -> 9.4518735 | Q5: ='1车间表1'!J17 -> 0 | R5: ='1车间表1'!K17 -> 48.454454 | S5: ='1车间表1'!D22 -> 0 | T5: ='1车间表1'!F22 -> 0 | U5: ='1车间表1'!G22 -> 0 | V5: ='1车间表1'!H22 -> 0 | W5: ='1车间表1'!I22 -> 0 | X5: ='1车间表1'!J22 -> 0 | Y5: ='1车间表1'!K22 -> 0 | Z5: 一日累 | AA5: ='1车间表1'!D27 -> 233.9272 | AB5: ='1车间表1'!F27 -> 0.1100507 | AC5: ='1车间表1'!G27 -> 0 | AD5: ='1车间表1'!H27 -> 0.39373621 | AE5: ='1车间表1'!I27 -> 0.25743853 | AF5: ='1车间表1'!J27 -> 0 | AG5: ='1车间表1'!K27 -> 0.092105611 | AH5: ='1车间表1'!L17 -> 97.34854 | AI5: ='1车间表1'!L22 -> 0 | AJ5: ='1车间表1'!M27 -> 0 | CS5: 锌金属回收率（%） | CV5: =AI8 -> 0.00 | CW5: =AI16 -> 0.00
A6: 二日累 | B6: ='2车间表1'!E10 -> 0 | C6: ='2车间表1'!F10 -> 0 | D6: ='2车间表1'!H10 -> 0 | E6: ='2车间表1'!I10 -> 0.00 | F6: ='2车间表1'!J10 -> 0 | G6: ='2车间表1'!K10 -> 0 | H6: ='2车间表1'!M10 -> 0 | I6: ='2车间表1'!N10 -> 0 | J6: ='2车间表1'!O10 -> 0 | K6: 二日累 | L6: ='2车间表1'!D17 -> 0 | M6: ='2车间表1'!F17 -> 0.00 | N6: ='2车间表1'!G17 -> 0 | O6: ='2车间表1'!H17 -> 0 | P6: ='2车间表1'!I17 -> 0 | Q6: ='2车间表1'!J17 -> 0 | R6: ='2车间表1'!K17 -> 0 | S6: ='2车间表1'!D22 -> 0 | T6: ='2车间表1'!F22 -> 0 | U6: ='2车间表1'!G22 -> 0 | V6: ='2车间表1'!H22 -> 0 | W6: ='2车间表1'!I22 -> 0 | X6: ='2车间表1'!J22 -> 0 | Y6: ='2车间表1'!K22 -> 0 | Z6: 二日累 | AA6: ='2车间表1'!D27 -> 0 | AB6: ='2车间表1'!F27 -> 0.00 | AC6: ='2车间表1'!G27 -> 0 | AD6: ='2车间表1'!H27 -> 0 | AE6: ='2车间表1'!I27 -> 0 | AF6: ='2车间表1'!J27 -> 0 | AG6: ='2车间表1'!K27 -> 0 | AH6: ='2车间表1'!L17 -> 0.00 | AI6: ='2车间表1'!L22 -> 0 | AJ6: ='2车间表1'!M27 -> 0 | CS6: 锌精矿锌品位（%） | CV6: =U8 -> 0.00 | CW6: =U16 -> 0.00
CS7: 尾矿含铅品位（%） | CV7: =AB8 -> 0.1100507 | CW7: =AB16 -> 0.277407
A8: 总日累 | B8: =B6+B5+B7 -> 16 | C8: =C6+C5+C7 -> 256 | D8: =D6+D5+D7 -> 248.32 | E8: =IF(ISERROR(H8/D8*100),"0.00",H8/D8*100) -> 3.91 | F8: =IF(ISERROR(I8/D8*100),"0.00",I8/D8*100) -> 0 | G8: =IF(ISERROR(J8/D8*1000),"0",J8/D8*1000) -> 195.5 | H8: =H6+H5+H7 -> 9.709312 | I8: =I6+I5+I7 -> 0 | J8: =J6+J5+J7 -> 48.54656 | K8: 总日累 | L8: =L6+L5+L7 -> 14.392796 | M8: =IF(ISERROR(P8/L8*100),"0.00",P8/L8*100) -> 65.670863 | N8: =IF(ISERROR(Q8/L8*100),"0.00",Q8/L8*100) -> 0 | O8: =IF(ISERROR(R8/L8*1000),"0",R8/L8*1000) -> 3366.5768 | P8: =P6+P5+P7 -> 9.4518735 | Q8: =Q6+Q5+Q7 -> 0 | R8: =R6+R5+R7 -> 48.454454 | S8: =S6+S5+S7 -> 0 | T8: =IF(ISERROR(W8/S8*100),"0.00",W8/S8*100) -> 0.00 | U8: =IF(ISERROR(X8/S8*100),"0.00",X8/S8*100) -> 0.00 | V8: =IF(ISERROR(Y8/S8*1000),"0",Y8/S8*1000) -> 0 | W8: =W6+W5+W7 -> 0 | X8: =X6+X5+X7 -> 0 | Y8: =Y6+Y5+Y7 -> 0 | Z8: 总日累 | AA8: =AA6+AA5+AA7 -> 233.9272 | AB8: =IF(ISERROR(AE8/AA8*100),"0.00",AE8/AA8*100) -> 0.1100507 | AC8: =IF(ISERROR(AF8/AA8*100),"0.00",AF8/AA8*100) -> 0 | AD8: =IF(ISERROR(AG8/AA8*1000),"0",AG8/AA8*1000) -> 0.39373621 | AE8: =AE6+AE5+AE7 -> 0.25743853 | AF8: =AF6+AF5+AF7 -> 0 | AG8: =AG6+AG5+AG7 -> 0.092105611 | AH8: =IF(ISERROR(P8/H8*100),"0.00",P8/H8*100) -> 97.34854 | AI8: =IF(ISERROR(X8/I8*100),"0.00",X8/I8*100) -> 0.00 | AJ8: =IF(ISERROR((R8)/J8*100),"0.00",(R8)/J8*100) -> 99.810274 | CS8: 尾矿含锌品位（%） | CV8: =AC8 -> 0 | CW8: =AC16 -> 0
B9: 运转时间(时) | C9: 原 矿 | L9: 铅 精 | S9: 锌 精 | AA9: 尾 矿 | CS9: 银金属回收率（%） | CV9: =AJ8 -> 99.810274 | CW9: =AJ16 -> 97.867282
C10: 矿 量 | S10: 干量
C11: 湿量(T) | D11: 干量(T) | E11: Pb (%) | F11: Zn (%) | G11: Ag (%) | H11: Pb (T) | I11: Zn (T) | J11: Ag (Kg) | L11: 干量(T) | M11: Pb (%) | N11: Zn (%) | O11: Ag (%) | P11: Pb (T) | Q11: Zn (T) | R11: Ag (Kg) | T11: Pb (%) | U11: Zn (%) | V11: Ag (%) | W11: Pb (T) | X11: Zn (T) | Y11: Ag (Kg) | AA11: 干量(T) | AB11: Pb (%) | AC11: Zn (%) | AD11: Ag (%) | AE11: Pb (T) | AF11: Zn (T) | AG11: Ag (Kg) | AH11: Pb (%) | AI11: Zn (%) | AJ11: Ag (%)
A16: 周累 | B16: =B24+B8 -> 25 | C16: =C24+C8 -> 1030.23 | D16: =D8+D24 -> 1000.7167 | E16: =IF(ISERROR(H16/D16*100),"0.00",H16/D16*100) -> 8.8647432 | F16: =IF(ISERROR(I16/D16*100),"0.00",I16/D16*100) -> 0 | G16: =IF(ISERROR(J16/D16*1000),"0",J16/D16*1000) -> 477.07076 | H16: =H24+H8 -> 88.710967 | I16: =I24+I8 -> 0 | J16: =J24+J8 -> 477.41269 | K16: 年累 | L16: =L24+L8 -> 141.33319 | M16: =IF(ISERROR(P16/L16*100),"0.00",P16/L16*100) -> 61.080469 | N16: =IF(ISERROR(Q16/L16*100),"0.00",Q16/L16*100) -> 0 | O16: =IF(ISERROR(R16/L16*1000),"0",R16/L16*1000) -> 3305.8817 | P16: =P24+P8 -> 86.326977 | Q16: =Q24+Q8 -> 0 | R16: =R24+R8 -> 467.23082 | S16: =S24+S8 -> 0 | T16: =IF(ISERROR(W16/S16*100),"0.00",W16/S16*100) -> 0.00 | U16: =IF(ISERROR(X16/S16*100),"0.00",X16/S16*100) -> 0.00 | V16: =IF(ISERROR(Y16/S16*1000),"0",Y16/S16*1000) -> 0 | W16: =W24+W8 -> 0 | X16: =X24+X8 -> 0 | Y16: =Y24+Y8 -> 0 | Z16: 年累 | AA16: =AA24+AA8 -> 859.38352 | AB16: =IF(ISERROR(AE16/AA16*100),"0.00",AE16/AA16*100) -> 0.277407 | AC16: =IF(ISERROR(AF16/AA16*100),"0.00",AF16/AA16*100) -> 0 | AD16: =IF(ISERROR(AG16/AA16*1000),"0",AG16/AA16*1000) -> 11.847874 | AE16: =AE24+AE8 -> 2.38399 | AF16: =AF24+AF8 -> 0 | AG16: =AG24+AG8 -> 10.181868 | AH16: =IF(ISERROR(P16/H16*100),"0.00",P16/H16*100) -> 97.312632 | AI16: =IF(ISERROR(X16/I16*100),"0.00",X16/I16*100) -> 0.00 | AJ16: =IF(ISERROR((R16)/J16*100),"0.00",(R16)/J16*100) -> 97.867282
B21: 运转时间(时) | C21: 原 矿 | L21: 铅 精 | S21: 锌 精 | AA21: 尾 矿
C22: 矿 量 | S22: 干量
C23: 湿量(T) | D23: 干量(T) | E23: Pb (%) | F23: Zn (%) | G23: Ag (%) | H23: Pb (T) | I23: Zn (T) | J23: Ag (Kg) | L23: 干量(T) | M23: Pb (%) | N23: Zn (%) | O23: Ag (%) | P23: Pb (T) | Q23: Zn (T) | R23: Ag (Kg) | T23: Pb (%) | U23: Zn (%) | V23: Ag (%) | W23: Pb (T) | X23: Zn (T) | Y23: Ag (Kg) | AA23: 干量(T) | AB23: Pb (%) | AC23: Zn (%) | AD23: Ag (%) | AE23: Pb (T) | AF23: Zn (T) | AG23: Ag (Kg) | AH23: Pb (%) | AI23: Zn (%) | AJ23: Ag (%)
A24: 昨日周累 | B24: 9 | C24: 774.23 | D24: 752.39671 | H24: 79.001655 | I24: 0 | J24: 428.86613 | K24: 年累 | L24: 126.9404 | P24: 76.875103 | Q24: 0 | R24: 418.77636 | S24: 0 | W24: 0 | X24: 0 | Y24: 0 | Z24: 年累 | AA24: 625.45632 | AE24: 2.1265515 | AF24: 0 | AG24: 10.089762
A27: 周累 | B27: =B16 -> 25 | C27: =C16 -> 1030.23 | D27: =D16 -> 1000.7167 | H27: =H16 -> 88.710967 | I27: =I16 -> 0 | J27: =J16 -> 477.41269 | K27: =K16 -> 年累 | L27: =L16 -> 141.33319 | P27: =P16 -> 86.326977 | Q27: =Q16 -> 0 | R27: =R16 -> 467.23082 | S27: =S16 -> 0 | W27: =W16 -> 0 | X27: =X16 -> 0 | Y27: =Y16 -> 0 | Z27: =Z16 -> 年累 | AA27: =AA16 -> 859.38352 | AE27: =AE16 -> 2.38399 | AF27: =AF16 -> 0 | AG27: =AG16 -> 10.181868

Sheet 日报表 (3%)
A1: 选矿厂生产定期统计日报表
A2: =基础数据!A2 -> 45836
A3: 填报单位:荣达选矿厂 | F3: 填报时间： | G3: =#REF!+1 -> #REF! | I3: =A2+1 -> 45837
A4: 当地天气：晴 | E4: 当天气温-16℃～-11℃
A5: 序号 | B5: 名 称 | C5: 单位 | D5: 月计划 | E5: 本日 | F5: 本月累计 | G5: 完成月计划（％） | H5: 年计划 | I5: 本年累计
B6: 选矿系统
A7: 1 | B7: 入厂矿石
A8: 1.1 | B8: 期初库存+本年供矿量 | C8: 吨 | E8: 0 | F8: 0
A9: 2 | B9: 选厂库（堆）存原矿量 | C9: 吨 | I9: =I8-I11 -> -256
A10: 3 | B10: 入选处理原矿
A11: 3.1 | B11: 湿重 | C11: 吨 | E11: =E12/(100-E13)*100 -> 256 | F11: =F12/(100-F13)*100 -> 256 | G11: =F11/D11*100 -> #DIV/0! | I11: =I12/(100-I13)*100 -> 256
B12: 干重 | C12: 吨 | E12: ='班组统计台账（3%）日累'!D8 -> 248.32 | F12: ='班组统计台账（3%）日累'!D15 -> 248.32 | G12: =F12/D12*100 -> #DIV/0! | I12: ='班组统计台账（3%）日累'!D16 -> 248.32
B13: 水份 | C13: % | E13: ='班组统计台账（3%）日累'!B52 -> 3 | F13: ='班组统计台账（3%）日累'!B53 -> 3 | G13: =F13/D13*100 -> #DIV/0! | I13: ='班组统计台账（3%）日累'!B54 -> 3
A14: 3.2 | B14: 铅品位 | C14: % | E14: ='班组统计台账（3%）日累'!E8 -> 3.91 | F14: ='班组统计台账（3%）日累'!E15 -> 3.91 | G14: =F14/D14*100 -> #DIV/0! | I14: ='班组统计台账（3%）日累'!E16 -> 3.91
B15: 铅金属量 | C15: 吨 | E15: ='班组统计台账（3%）日累'!H8 -> 9.709312 | F15: ='班组统计台账（3%）日累'!H15 -> 9.709312 | G15: =F15/D15*100 -> #DIV/0! | I15: ='班组统计台账（3%）日累'!H16 -> 9.709312
A16: 3.5 | B16: 银品位 | C16: 克/吨 | E16: ='班组统计台账（3%）日累'!G8 -> 195.5 | F16: ='班组统计台账（3%）日累'!G15 -> 195.5 | G16: =F16/D16*100 -> #DIV/0! | I16: ='班组统计台账（3%）日累'!G16 -> 195.5
B17: 银金属量 | C17: 公斤 | E17: ='班组统计台账（3%）日累'!J8 -> 48.54656 | F17: ='班组统计台账（3%）日累'!J15 -> 48.54656 | G17: =F17/D17*100 -> #DIV/0! | I17: ='班组统计台账（3%）日累'!J16 -> 48.54656
A19: 4 | B19: 产出产品
A20: 4.1 | B20: 铅精矿
B21: 湿重 | C21: 吨 | E21: =E22/(100-E23)*100 -> 15.644344 | F21: =F22/(100-F23)*100 -> 15.644344 | G21: =F21/D21*100 -> #DIV/0! | I21: =I22/(100-I23)*100 -> #DIV/0!
B22: 干重 | C22: 吨 | E22: ='班组统计台账（3%）日累'!L8 -> 14.392796 | F22: ='班组统计台账（3%）日累'!L15 -> 14.392796 | G22: =F22/D22*100 -> #DIV/0! | I22: ='班组统计台账（3%）日累'!L16 -> 14.392796
B23: 水分 | C23: % | E23: =F23 -> 8 | F23: 8 | G23: =F23/D23*100 -> #DIV/0! | I23: ='精矿盘点表（全年）'!D6 -> #DIV/0!
B24: 铅品位 | C24: % | E24: ='班组统计台账（3%）日累'!M8 -> 65.670863 | F24: ='班组统计台账（3%）日累'!M15 -> 65.670863 | G24: =F24/D24*100 -> #DIV/0! | I24: ='班组统计台账（3%）日累'!M16 -> 65.670863
B25: 铅金属量 | C25: 吨 | E25: ='班组统计台账（3%）日累'!P8 -> 9.4518735 | F25: ='班组统计台账（3%）日累'!P15 -> 9.4518735 | G25: =F25/D25*100 -> #DIV/0! | I25: ='班组统计台账（3%）日累'!P16 -> 9.4518735 | O25: =I25*17000 -> 160681.85
B26: 银品位 | C26: 克/吨 | E26: ='班组统计台账（3%）日累'!O8 -> 3366.5768 | F26: ='班组统计台账（3%）日累'!O15 -> 3366.5768 | G26: =F26/D26*100 -> #DIV/0! | I26: ='班组统计台账（3%）日累'!O16 -> 3366.5768
B27: 银金属量 | C27: 公斤 | E27: ='班组统计台账（3%）日累'!R8 -> 48.454454 | F27: ='班组统计台账（3%）日累'!R15 -> 48.454454 | G27: =F27/D27*100 -> #DIV/0! | I27: ='班组统计台账（3%）日累'!R16 -> 48.454454 | O27: =I27*7200 -> 348872.07
A28: 4.2 | B28: 尾矿
B29: 干重 | C29: 吨 | E29: ='班组统计台账（3%）日累'!AA8 -> 233.9272 | F29: ='班组统计台账（3%）日累'!AA15 -> 233.9272 | G29: =F29/D29*100 -> #DIV/0! | I29: ='班组统计台账（3%）日累'!AA16 -> 233.9272
B30: 铅品位 | C30: % | E30: ='班组统计台账（3%）日累'!AB8 -> 0.1100507 | F30: ='班组统计台账（3%）日累'!AB15 -> 0.1100507 | G30: =F30/D30*100 -> #DIV/0! | I30: ='班组统计台账（3%）日累'!AB16 -> 0.1100507
B31: 铅金属量 | C31: 吨 | E31: ='班组统计台账（3%）日累'!AE8 -> 0.25743853 | F31: ='班组统计台账（3%）日累'!AE15 -> 0.25743853 | G31: =F31/D31*100 -> #DIV/0! | I31: ='班组统计台账（3%）日累'!AE16 -> 0.25743853
B32: 银品位 | C32: 克/吨 | E32: ='班组统计台账（3%）日累'!AD8 -> 0.39373621 | F32: ='班组统计台账（3%）日累'!AD15 -> 0.39373621 | G32: =F32/D32*100 -> #DIV/0! | I32: ='班组统计台账（3%）日累'!AD16 -> 0.39373621
B33: 银金属量 | C33: 公斤 | E33: ='班组统计台账（3%）日累'!AG8 -> 0.092105611 | F33: ='班组统计台账（3%）日累'!AG15 -> 0.092105611 | G33: =F33/D33*100 -> #DIV/0! | I33: ='班组统计台账（3%）日累'!AG16 -> 0.092105611
A34: 5 | B34: 回收率
A35: 5.1 | B35: 铅金属 | C35: % | E35: ='班组统计台账（3%）日累'!AH8 -> 97.34854 | F35: ='班组统计台账（3%）日累'!AH15 -> 97.34854 | I35: ='班组统计台账（3%）日累'!AH16 -> 97.34854
A36: 5.2 | B36: 银金属 | C36: % | E36: ='班组统计台账（3%）日累'!AJ8 -> 99.810274 | F36: ='班组统计台账（3%）日累'!AJ15 -> 99.810274 | I36: ='班组统计台账（3%）日累'!AJ16 -> 99.810274
A37: 6 | B37: 外购精矿销售
A38: 6.1 | B38: 铅精矿
B39: 湿重 | C39: 吨 | F39: 1848.24 | I39: 7277.8 | J39: 0 | K39: 0
A40: 7 | B40: 库存精矿量
A41: 7.1 | B41: 铅精矿（湿重） | C41: 吨 | I41: 0
A42: 三 | B42: 当日生产状况 | C42: 一系统停机，二系统正常生产。
A43: 1 | B43: 生产安全状况 | C43: 正常，无事故
A44: 2 | B44: 生产环保状况 | C44: 正常，无事故
A45: 3 | B45: 生产设备状况 | C45: 运转正常
A46: 4 | B46: 生产检修状况 | C46: 正常
A47: 5 | B47: 其它 | C47: 无
B48: 其中：（）矿区 | C48: 处理外购矿石

Sheet 生产简报 (3%)
A1: 选矿厂生产统计日报表（隆腾矿石）
A2: =基础数据!A2 -> 45836
A3: 序号 | B3: 指标名称 | C3: 单位 | D3: 本日 | E3: 本月累计 | F3: 本年累计
A4: 1 | B4: 选矿处理矿石
B5: 选矿量 | C5: t | D5: ='班组统计台账（3%）日累'!D8 -> 248.32 | E5: ='班组统计台账（3%）日累'!D15 -> 248.32 | F5: ='班组统计台账（3%）日累'!D16 -> 248.32
B6: 选矿品位(铅+锌） | C6: % | D6: ='班组统计台账（3%）日累'!E8+'班组统计台账（3%）日累'!F8 -> 3.91 | E6: ='班组统计台账（3%）日累'!E15+'班组统计台账（3%）日累'!F15 -> 3.91 | F6: ='班组统计台账（3%）日累'!E16+'班组统计台账（3%）日累'!F16 -> 3.91
A7: 2 | B7: 精矿品位
B8: 铅精矿
B9: 含铅 | C9: % | D9: ='班组统计台账（3%）日累'!M8 -> 65.670863 | E9: ='班组统计台账（3%）日累'!M15 -> 65.670863 | F9: ='班组统计台账（3%）日累'!M16 -> 65.670863
B10: 含银 | C10: g/t | D10: ='班组统计台账（3%）日累'!O8 -> 3366.5768 | E10: ='班组统计台账（3%）日累'!O15 -> 3366.5768 | F10: ='班组统计台账（3%）日累'!O16 -> 3366.5768
A11: 3 | B11: 尾矿品位
B12: 含铅 | C12: % | D12: ='班组统计台账（3%）日累'!AB8 -> 0.1100507 | E12: ='班组统计台账（3%）日累'!AB15 -> 0.1100507 | F12: ='班组统计台账（3%）日累'!AB16 -> 0.1100507
B13: 含银 | C13: g/t | D13: ='班组统计台账（3%）日累'!AD8 -> 0.39373621 | E13: ='班组统计台账（3%）日累'!AD15 -> 0.39373621 | F13: ='班组统计台账（3%）日累'!AD16 -> 0.39373621
A14: 4 | B14: 回收率
B15: 铅 | C15: % | D15: ='班组统计台账（3%）日累'!AH8 -> 97.34854 | E15: ='班组统计台账（3%）日累'!AH15 -> 97.34854 | F15: ='班组统计台账（3%）日累'!AH16 -> 97.34854
B16: 银 | C16: % | D16: ='班组统计台账（3%）日累'!AJ8 -> 99.810274 | E16: ='班组统计台账（3%）日累'!AJ15 -> 99.810274 | F16: ='班组统计台账（3%）日累'!AJ16 -> 99.810274
A17: 5 | B17: 理论库存
B18: 原矿石 | C18: t | D18: ='日报表 (3%)'!I9 -> -256
B19: 铅精矿 | C19: t | D19: ='日报表 (3%)'!I41 -> 0

Sheet 精矿盘点表（本月）
A1: 全年精矿盘点表（3%水分）
A2: 42491
A3: ='班组统计台账（3%）日累'!#REF! -> #REF! | C3: 数 量 | F3: 品 位(﹪) | J3: 含 量
C4: 湿 量 | D4: 水份 | E4: 干 量 | F4: Cu | G4: Pb | H4: Zn | I4: Ag | J4: Cu | K4: Pb | L4: Zn | M4: Ag
A5: 本月理论产出（3%） | B5: 铅精矿 | E5: ='班组统计台账（3%）日累'!L15 -> 14.392796 | F5: ='班组统计台账（3%）日累'!#REF! -> #REF! | G5: ='班组统计台账（3%）日累'!M15 -> 65.670863 | H5: ='班组统计台账（3%）日累'!N15 -> 0 | I5: ='班组统计台账（3%）日累'!O15 -> 3366.5768 | J5: ='班组统计台账（3%）日累'!#REF! -> #REF! | K5: ='班组统计台账（3%）日累'!P15 -> 9.4518735 | L5: ='班组统计台账（3%）日累'!Q15 -> 0 | M5: ='班组统计台账（3%）日累'!R15 -> 48.454454
B6: 锌精矿 | E6: ='班组统计台账（3%）日累'!S15 -> 0 | F6: ='班组统计台账（3%）日累'!#REF! -> #REF! | G6: ='班组统计台账（3%）日累'!T15 -> 0.00 | H6: ='班组统计台账（3%）日累'!U15 -> 0.00 | I6: ='班组统计台账（3%）日累'!V15 -> 0 | J6: ='班组统计台账（3%）日累'!#REF! -> #REF! | K6: ='班组统计台账（3%）日累'!W15 -> 0 | L6: ='班组统计台账（3%）日累'!X15 -> 0 | M6: ='班组统计台账（3%）日累'!Y15 -> 0
B7: 铜精矿 | E7: ='班组统计台账（3%）日累'!#REF! -> #REF! | F7: ='班组统计台账（3%）日累'!#REF! -> #REF! | G7: ='班组统计台账（3%）日累'!#REF! -> #REF! | H7: ='班组统计台账（3%）日累'!#REF! -> #REF! | I7: ='班组统计台账（3%）日累'!#REF! -> #REF! | J7: ='班组统计台账（3%）日累'!#REF! -> #REF! | K7: ='班组统计台账（3%）日累'!#REF! -> #REF! | L7: ='班组统计台账（3%）日累'!#REF! -> #REF! | M7: ='班组统计台账（3%）日累'!#REF! -> #REF!
A8: 上月末盘存（4月25日） | B8: 铅精矿 | C8: 600 | D8: 9.5279839 | E8: 542.8321 | F8: 0.86701848 | G8: 63.555437 | H8: 5.6797757 | I8: 1011.461 | J8: 4.7064546 | K8: 344.99931 | L8: 30.831646 | M8: 549.05348
B9: 锌精矿 | C9: 900 | D9: 10.724202 | E9: 803.48219 | F9: 0.7776124 | G9: 0.55210886 | H9: 48.639127 | I9: 183.29597 | J9: 6.2479771 | K9: 4.4360964 | L9: 390.80672 | M9: 147.27505
B10: 铜精矿 | C10: 85 | D10: 10 | E10: 76.5 | F10: 23.457254 | G10: 12.261877 | H10: 5.4323452 | I10: 2828.2147 | J10: 17.944799 | K10: 9.3803361 | L10: 4.1557441 | M10: 216.35842
B11: 入选（3%） | E11: ='班组统计台账（3%）日累'!D16 -> 248.32 | F11: ='班组统计台账（3%）日累'!#REF! -> #REF! | G11: ='班组统计台账（3%）日累'!E16 -> 3.91 | H11: ='班组统计台账（3%）日累'!F16 -> 0 | I11: ='班组统计台账（3%）日累'!G16 -> 195.5 | J11: ='班组统计台账（3%）日累'!#REF! -> #REF! | K11: ='班组统计台账（3%）日累'!H16 -> 9.709312 | L11: ='班组统计台账（3%）日累'!I16 -> 0 | M11: ='班组统计台账（3%）日累'!J16 -> 48.54656
A12: 年度矿石 | B12: 入选（降收率） | E12: =#REF! -> #REF! | F12: =#REF! -> #REF! | G12: =#REF! -> #REF! | H12: =#REF! -> #REF! | I12: =#REF! -> #REF! | J12: =#REF! -> #REF! | K12: =#REF! -> #REF! | L12: =#REF! -> #REF! | M12: =#REF! -> #REF!
B13: 入厂总量（2015年备矿+2015年存矿+今年入厂） | C13: 合计进厂 | E13: ='精矿盘点表（全年）'!#REF! -> #REF!
C14: 有品位 | E14: =#REF! -> #REF! | F14: =#REF! -> #REF! | G14: =#REF! -> #REF! | H14: =#REF! -> #REF! | I14: =#REF! -> #REF! | J14: =#REF! -> #REF! | K14: =#REF! -> #REF! | L14: =#REF! -> #REF! | M14: =#REF! -> #REF!
C15: 无品位 | E15: =E13-E14 -> #REF!
B16: 补加3%水分矿量 | E16: =E11-E12 -> #REF! | F16: =F14 -> #REF! | G16: =G14 -> #REF! | H16: =H14 -> #REF! | I16: =I14 -> #REF! | J16: =E16*F16/100 -> #REF! | K16: =E16*G16/100 -> #REF! | L16: =E16*H16/100 -> #REF! | M16: =E16*I16/1000 -> #REF!
B17: 理论结存矿石 | E17: =E13-E12 -> #REF!
B18: 实际结存矿石
B19: 矿石量盈/亏
B20: 品位差值 | F20: =F11-F14 -> #REF! | G20: =G11-G14 -> #REF! | H20: =H11-H14 -> #REF! | I20: =I11-I14 -> #REF!
A21: 月度矿石（3%） | B21: 入选（3%） | E21: ='班组统计台账（3%）日累'!D15 -> 248.32 | F21: ='班组统计台账（3%）日累'!#REF! -> #REF! | G21: ='班组统计台账（3%）日累'!E15 -> 3.91 | H21: ='班组统计台账（3%）日累'!F15 -> 0 | I21: ='班组统计台账（3%）日累'!G15 -> 195.5 | J21: ='班组统计台账（3%）日累'!#REF! -> #REF! | K21: ='班组统计台账（3%）日累'!H15 -> 9.709312 | L21: ='班组统计台账（3%）日累'!I15 -> 0 | M21: ='班组统计台账（3%）日累'!J15 -> 48.54656
A22: 年度精矿理论与实际品位对比（3%） | B22: 铅精矿理论 | E22: ='班组统计台账（3%）日累'!L16 -> 14.392796 | F22: ='班组统计台账（3%）日累'!#REF! -> #REF! | G22: ='班组统计台账（3%）日累'!M16 -> 65.670863 | H22: ='班组统计台账（3%）日累'!N16 -> 0 | I22: ='班组统计台账（3%）日累'!O16 -> 3366.5768 | J22: ='班组统计台账（3%）日累'!#REF! -> #REF! | K22: ='班组统计台账（3%）日累'!P16 -> 9.4518735 | L22: ='班组统计台账（3%）日累'!Q16 -> 0 | M22: ='班组统计台账（3%）日累'!R16 -> 48.454454
B23: 铅精矿出厂 | C23: =出厂铅精!E228 -> 0 | D23: =出厂铅精!F228 -> #DIV/0! | E23: =出厂铅精!G228 -> 0 | F23: =出厂铅精!H228 -> #DIV/0! | G23: =出厂铅精!I228 -> #DIV/0! | H23: =出厂铅精!J228 -> #DIV/0! | I23: =出厂铅精!K228 -> #DIV/0! | J23: =出厂铅精!L228 -> 0 | ... M23: =出厂铅精!O228 -> 0
B24: 铅精矿返厂 | C24: 2348.48 | D24: 9.4173918 | E24: 2127.3144 | G24: 63.741622 | H24: 5.6103353 | I24: 982.77094 | J24: 0 | K24: 1355.9847 | L24: 119.34947 | M24: 2090.6628
B25: 锌精矿理论 | D25: 10 | E25: ='班组统计台账（3%）日累'!S16 -> 0 | F25: ='班组统计台账（3%）日累'!#REF! -> #REF! | G25: ='班组统计台账（3%）日累'!T16 -> 0.00 | H25: ='班组统计台账（3%）日累'!U16 -> 0.00 | I25: ='班组统计台账（3%）日累'!V16 -> 0 | J25: ='班组统计台账（3%）日累'!#REF! -> #REF! | K25: ='班组统计台账（3%）日累'!W16 -> 0 | L25: ='班组统计台账（3%）日累'!X16 -> 0 | M25: ='班组统计台账（3%）日累'!Y16 -> 0
B26: 锌精矿出厂 | C26: =出厂锌精!E948 -> 0 | D26: =出厂锌精!F948 -> #DIV/0! | E26: =出厂锌精!G948 -> 0 | F26: =出厂锌精!H948 -> #DIV/0! | G26: =出厂锌精!I948 -> #DIV/0! | H26: =出厂锌精!J948 -> #DIV/0! | I26: =出厂锌精!K948 -> #DIV/0! | J26: =出厂锌精!L948 -> 0 | ... M26: =出厂锌精!O948 -> 0
B27: 锌精矿返厂 | C27: 4060.34 | D27: 11.079804 | E27: 3610.4623 | G27: 0 | H27: 48.332717 | I27: 184.66248 | J27: 0 | K27: 0 | L27: 1745.0345 | M27: 666.71691
B28: 铜精矿理论 | E28: ='班组统计台账（3%）日累'!#REF! -> #REF! | F28: ='班组统计台账（3%）日累'!#REF! -> #REF! | G28: ='班组统计台账（3%）日累'!#REF! -> #REF! | H28: ='班组统计台账（3%）日累'!#REF! -> #REF! | I28: ='班组统计台账（3%）日累'!#REF! -> #REF! | J28: ='班组统计台账（3%）日累'!#REF! -> #REF! | K28: ='班组统计台账（3%）日累'!#REF! -> #REF! | L28: ='班组统计台账（3%）日累'!#REF! -> #REF! | M28: ='班组统计台账（3%）日累'!#REF! -> #REF!
B29: 铜精矿出厂
B30: 铜精矿返厂
A31: 月度精矿理论与实际品位对比（3%） | B31: 铅精矿理论 | D31: 10 | E31: ='班组统计台账（3%）日累'!L15 -> 14.392796 | F31: ='班组统计台账（3%）日累'!#REF! -> #REF! | G31: ='班组统计台账（3%）日累'!M15 -> 65.670863 | H31: ='班组统计台账（3%）日累'!N15 -> 0 | I31: ='班组统计台账（3%）日累'!O15 -> 3366.5768 | J31: ='班组统计台账（3%）日累'!#REF! -> #REF! | K31: ='班组统计台账（3%）日累'!P15 -> 9.4518735 | L31: ='班组统计台账（3%）日累'!Q15 -> 0 | M31: ='班组统计台账（3%）日累'!R15 -> 48.454454
B32: 铅精矿出厂 | C32: =出厂铅精!#REF! -> #REF! | D32: =出厂铅精!#REF! -> #REF! | E32: =出厂铅精!#REF! -> #REF! | F32: =出厂铅精!#REF! -> #REF! | G32: =出厂铅精!#REF! -> #REF! | H32: =出厂铅精!#REF! -> #REF! | I32: =出厂铅精!#REF! -> #REF! | J32: =出厂铅精!#REF! -> #REF! | ... M32: =出厂铅精!#REF! -> #REF!
B33: 铅精矿返厂
B34: 锌精矿理论 | D34: 10 | E34: ='班组统计台账（3%）日累'!S15 -> 0 | F34: ='班组统计台账（3%）日累'!#REF! -> #REF! | G34: ='班组统计台账（3%）日累'!T15 -> 0.00 | H34: ='班组统计台账（3%）日累'!U15 -> 0.00 | I34: ='班组统计台账（3%）日累'!V15 -> 0 | J34: ='班组统计台账（3%）日累'!#REF! -> #REF! | K34: ='班组统计台账（3%）日累'!W15 -> 0 | L34: ='班组统计台账（3%）日累'!X15 -> 0 | M34: ='班组统计台账（3%）日累'!Y15 -> 0
B35: 锌精矿出厂 | C35: =出厂锌精!E947 -> #REF! | D35: =出厂锌精!F947 -> #REF! | E35: =出厂锌精!G947 -> #REF! | F35: =出厂锌精!H947 -> #REF! | G35: =出厂锌精!I947 -> #REF! | H35: =出厂锌精!J947 -> #REF! | I35: =出厂锌精!K947 -> #REF! | J35: =出厂锌精!L947 -> #REF! | ... M35: =出厂锌精!O947 -> #REF!
B36: 锌精矿返厂 | C36: 596.68 | D36: 11.55 | E36: 527.74 | F36: 0 | G36: 0 | H36: 48.35 | I36: 192.13 | J36: 0 | K36: 0 | L36: 255.158 | M36: 101.3923
B37: 铜精矿理论 | D37: 12 | E37: ='班组统计台账（3%）日累'!#REF! -> #REF! | F37: ='班组统计台账（3%）日累'!#REF! -> #REF! | G37: ='班组统计台账（3%）日累'!#REF! -> #REF! | H37: ='班组统计台账（3%）日累'!#REF! -> #REF! | I37: ='班组统计台账（3%）日累'!#REF! -> #REF! | J37: ='班组统计台账（3%）日累'!#REF! -> #REF! | K37: ='班组统计台账（3%）日累'!#REF! -> #REF! | L37: ='班组统计台账（3%）日累'!#REF! -> #REF! | M37: ='班组统计台账（3%）日累'!#REF! -> #REF!
B38: 铜精矿出厂
B39: 铜精矿返厂
A40: 综合品位（本月出厂+上月库存） | B40: 铅精矿 | C40: =C32+C8 -> #REF! | D40: =100-E40/C40*100 -> #REF! | E40: =E32+E8 -> #REF! | F40: =J40/E40*100 -> #REF! | G40: =K40/E40*100 -> #REF! | H40: =L40/E40*100 -> #REF! | I40: =M40/E40*1000 -> #REF! | J40: =J32+J8 -> #REF! | K40: =K32+K8 -> #REF! | L40: =L32+L8 -> #REF! | M40: =M32+M8 -> #REF!
B41: 锌精矿 | C41: =C35+C9 -> #REF! | D41: =100-E41/C41*100 -> #REF! | E41: =E35+E9 -> #REF! | F41: =J41/E41*100 -> #REF! | G41: =K41/E41*100 -> #REF! | H41: =L41/E41*100 -> #REF! | I41: =M41/E41*1000 -> #REF! | J41: =J35+J9 -> #REF! | K41: =K35+K9 -> #REF! | L41: =L35+L9 -> #REF! | M41: =M35+M9 -> #REF!
B42: 铜精矿 | C42: =C39+C10 -> 85 | D42: =100-E42/C42*100 -> 10 | E42: =E39+E10 -> 76.5 | F42: =J42/E42*100 -> 23.457254 | G42: =K42/E42*100 -> 12.261877 | H42: =L42/E42*100 -> 5.4323452 | I42: =M42/E42*1000 -> 2828.2147 | J42: =J39+J10 -> 17.944799 | K42: =K39+K10 -> 9.3803361 | L42: =L39+L10 -> 4.1557441 | M42: =M39+M10 -> 216.35842
A43: 今日实际结存 | B43: 铅精矿 | C43: ='精矿盘点表（全年）'!C9+'精矿盘点表（全年）'!C10 -> 150 | D43: =D40 -> #REF! | E43: =C43*(100-D43)/100 -> #REF! | F43: =F40 -> #REF! | G43: =G40 -> #REF! | H43: =H40 -> #REF! | I43: =I40 -> #REF! | J43: =E43*F43/100 -> #REF! | K43: =E43*G43/100 -> #REF! | L43: =E43*H43/100 -> #REF! | M43: =E43*I43/1000 -> #REF!
B44: 锌精矿 | C44: ='精矿盘点表（全年）'!C19+'精矿盘点表（全年）'!C20 -> 60 | D44: =D41 -> #REF! | E44: =C44*(100-D44)/100 -> #REF! | F44: =F41 -> #REF! | G44: =G41 -> #REF! | H44: =H41 -> #REF! | I44: =I41 -> #REF! | J44: =E44*F44/100 -> #REF! | K44: =E44*G44/100 -> #REF! | L44: =E44*H44/100 -> #REF! | M44: =E44*I44/1000 -> #REF!
B45: 铜精矿 | C45: ='精矿盘点表（全年）'!#REF!+'精矿盘点表（全年）'!#REF! -> #REF! | D45: =D42 -> 10 | E45: =C45*(100-D45)/100 -> #REF! | F45: =F42 -> 23.457254 | G45: =G42 -> 12.261877 | H45: =H42 -> 5.4323452 | I45: =I42 -> 2828.2147 | J45: =E45*F45/100 -> #REF! | K45: =G45*E45/100 -> #REF! | L45: =H45*F45/100 -> 1.274279 | M45: =I45*G45/1000 -> 34.679221
A46: 本月实际产出(今日实际结存+本月出厂-上月库存) | B46: 铅精矿 | C46: =C43-C8+C32 -> #REF! | D46: =D40 -> #REF! | E46: =C46*(100-D46)/100 -> #REF! | G46: =K46/E46*100 -> #REF! | I46: =M46/E46*1000 -> #REF! | K46: =K43+K32-K8 -> #REF! | M46: =M43+M32-M8 -> #REF!
B47: 锌精矿 | C47: =C44-C9+C35 -> #REF! | D47: =D41 -> #REF! | E47: =C47*(100-D47)/100 -> #REF! | H47: =L47/E47*100 -> #REF! | I47: =M47/E47*1000 -> #REF! | L47: =L44+L35-L9 -> #REF! | M47: =M44+M35-M9 -> #REF!
B48: 铜精矿 | C48: =C45-C10+C38 -> #REF! | D48: =D42 -> 10 | E48: =C48*(100-D48)/100 -> #REF! | F48: =J48/E48*100 -> #REF! | I48: =M48/E48*1000 -> #REF! | J48: =J45+J38-J10 -> #REF! | M48: =M45+M38-M10 -> -181.6792
A49: 精矿量对比（直接相减3%）实际和理论相比较 | B49: 铅精矿 | C49: =E49/(100-D49)*100 -> #REF! | D49: 8.5722466 | E49: =E46-E5 -> #REF! | F49: 0.80776892 | G49: 65.572329 | H49: 5.4970425 | I49: 1011.4581 | J49: =E49*F49/100 -> #REF! | K49: =E49*G49/100 -> #REF! | L49: =E49*H49/100 -> #REF! | M49: =E49*I49/1000 -> #REF!
B50: 锌精矿 | C50: =E50/(100-D50)*100 -> #REF! | D50: 10.521586 | E50: =E47-E6 -> #REF! | F50: 0.8187993 | G50: 0.50824226 | H50: 48.831671 | I50: 183.01482 | J50: =E50*F50/100 -> #REF! | K50: =E50*G50/100 -> #REF! | L50: =E50*H50/100 -> #REF! | M50: =E50*I50/1000 -> #REF!
B51: 铜精矿 | C51: =E51/(100-D51)*100 -> #REF! | D51: 10 | E51: =E48-E7 -> #REF! | F51: 23.457254 | G51: 12.261877 | H51: 5.4323452 | I51: 2828.2147 | J51: =E51*F51/100 -> #REF! | K51: =E51*G51/100 -> #REF! | L51: =E51*H51/100 -> #REF! | M51: =E51*I51/1000 -> #REF!
A52: 精矿量对比（含量反推3%） | B52: 铅精矿 | C52: =E52/(100-D52)*100 -> #REF! | D52: 8.5722466 | E52: =K52/G52*100 -> #REF! | F52: =F49 -> 0.80776892 | G52: =G49 -> 65.572329 | H52: =H49 -> 5.4970425 | I52: =I49 -> 1011.4581 | K52: =K46-K31 -> #REF!
B53: 锌精矿 | C53: =E53/(100-D53)*100 -> #REF! | D53: 10.521586 | E53: =L53/H53*100 -> #REF! | F53: =F50 -> 0.8187993 | G53: =G50 -> 0.50824226 | H53: =H50 -> 48.831671 | I53: =I50 -> 183.01482 | L53: =L47-L34 -> #REF!
B54: 铜精矿 | C54: =E54/(100-D54)*100 -> #REF! | D54: 10 | E54: =J54/F54*100 -> #REF! | F54: =F51 -> 23.457254 | G54: =G51 -> 12.261877 | H54: =H51 -> 5.4323452 | I54: =I51 -> 2828.2147 | J54: =J48-J37 -> #REF!
A55: 本月理论回收率 | F55: ='班组统计台账（3%）日累'!#REF! -> #REF! | G55: ='班组统计台账（3%）日累'!AH15 -> 97.34854 | H55: ='班组统计台账（3%）日累'!AI15 -> 0.00 | I55: ='班组统计台账（3%）日累'!AJ15 -> 99.810274
A56: 本月实际回收率 | F56: =J48/J21*100 -> #REF! | G56: =K46/K21*100 -> #REF! | H56: =L47/L21*100 -> #REF! | I56: =(M46+M48)/M21*100 -> #REF!

Sheet 回收率分布
A1: 2011年 班、车间、全厂回收率分布表
A2: 班组 | B2: 铅回收率 | G2: 锌回收率 | L2: 铜回收率 | Q2: 银回收率
B3: PbK | C3: ZnK | D3: CuK | E3: X | F3: 合计 | G3: PbK | H3: ZnK | I3: CuK | J3: X | K3: 合计 | L3: PbK | M3: ZnK | N3: CuK | O3: X | P3: 合计 | Q3: PbK | R3: ZnK | S3: CuK | T3: X | U3: 合计
A4: 甲 | B4: 92.833051 | C4: 1.5089267 | D4: 0.91238187 | E4: 4.7380656 | F4: 99.992426 | G4: 5.4485571 | H4: 88.823783 | I4: 0.87373752 | J4: 4.8548288 | K4: 100.00091 | L4: 8.2626917 | M4: 30.718986 | N4: 31.03502 | O4: 30.000787 | P4: 100.01749 | Q4: 54.735174 | R4: 14.984509 | S4: 11.996796 | T4: 18.282464 | U4: 99.998942 | W4: =Q4+S4 -> 66.73197
A5: 乙 | B5: 92.934082 | C5: 1.5767989 | D5: 0.85293424 | E5: 4.6382475 | F5: 100.00206 | G5: 5.7123448 | H5: 88.358944 | I5: 0.91495197 | J5: 5.0113444 | K5: 99.997585 | L5: 8.7859618 | M5: 31.551198 | N5: 28.862863 | O5: 30.798375 | P5: 99.998398 | Q5: 55.974524 | R5: 15.495318 | S5: 11.697117 | T5: 16.83341 | U5: 100.00037 | W5: =Q5+S5 -> 67.671642
A6: 丙 | B6: 92.697616 | C6: 1.7583506 | D6: 0.7089606 | E6: 4.8381685 | F6: 100.0031 | G6: 6.3182033 | H6: 87.432463 | I6: 0.95386308 | J6: 5.2994641 | K6: 100.00399 | L6: 9.5612458 | M6: 31.372016 | N6: 29.985564 | O6: 29.108617 | P6: 100.02744 | Q6: 57.079828 | R6: 15.421035 | S6: 10.788732 | T6: 16.7122 | U6: 100.0018 | W6: =Q6+S6 -> 67.86856
A7: 一车间 | B7: 92.82089 | C7: 1.61539 | D7: 0.82419899 | E7: 4.7387303 | F7: 99.999209 | G7: 5.8251983 | H7: 88.206989 | I7: 0.91405534 | J7: 5.0545873 | K7: 100.00083 | L7: 8.8666299 | M7: 31.212356 | N7: 29.963945 | O7: 29.971486 | P7: 100.01442 | Q7: 55.92519 | R7: 15.298643 | S7: 11.495671 | T7: 17.28086 | U7: 100.00036 | W7: =Q7+S7 -> 67.42086
A8: A | B8: 93.007492 | C8: 1.5220592 | D8: 1.0378175 | E8: 4.4308541 | F8: 99.998222 | G8: 4.0536376 | H8: 89.839549 | I8: 0.86363541 | J8: 5.2451544 | K8: 100.00198 | L8: 6.3145231 | M8: 35.258058 | N8: 27.858034 | O8: 30.691163 | P8: 100.12178 | Q8: 54.421955 | R8: 15.361492 | S8: 13.886243 | T8: 16.329445 | U8: 99.999135 | W8: =Q8+S8 -> 68.308198
A9: B | B9: 92.749882 | C9: 1.6179756 | D9: 1.1047659 | E9: 4.5282966 | F9: 100.00092 | G9: 4.0324601 | H9: 89.915751 | I9: 0.82240177 | J9: 5.2252362 | K9: 99.995849 | L9: 6.3983058 | M9: 35.182741 | N9: 27.569605 | O9: 30.866112 | P9: 100.01676 | Q9: 54.134313 | R9: 15.868746 | S9: 13.992898 | T9: 16.00496 | U9: 100.00092 | W9: =Q9+S9 -> 68.127211
A10: C | B10: 92.716113 | C10: 1.545517 | D10: 1.0689922 | E10: 4.6729548 | F10: 100.00358 | G10: 4.2274185 | H10: 89.842227 | I10: 0.84453063 | J10: 5.0849359 | K10: 99.999112 | L10: 6.8583585 | M10: 35.004063 | N10: 27.228576 | O10: 30.907632 | P10: 99.99863 | Q10: 54.415923 | R10: 15.383434 | S10: 13.432559 | T10: 16.768084 | U10: 100 | W10: =Q10+S10 -> 67.848482
A11: 二车间 | B11: 92.825574 | C11: 1.561242 | D11: 1.0701364 | E11: 4.5439481 | F11: 100.0009 | G11: 4.1051536 | H11: 89.865337 | I11: 0.84374457 | J11: 5.1847767 | K11: 99.999012 | L11: 6.5244371 | M11: 35.148118 | N11: 27.552103 | O11: 30.821288 | P11: 100.04595 | Q11: 54.326342 | R11: 15.533882 | S11: 13.769379 | T11: 16.370401 | U11: 100 | W11: =Q11+S11 -> 68.095721
A12: （一） | B12: 92.973113 | C12: 2.21792 | D12: 0.7891983 | E12: 4.0220977 | F12: 100.00233 | G12: 5.3169423 | H12: 89.068947 | I12: 1.0719815 | J12: 4.542003 | K12: 99.999874 | L12: 6.9228348 | M12: 32.716421 | N12: 30.076463 | O12: 30.223769 | P12: 99.939488 | Q12: 54.608688 | R12: 16.113305 | S12: 10.911683 | T12: 18.36443 | U12: 99.998106 | W12: =Q12+S12 -> 65.520371
A13: （二） | B13: 92.638918 | C13: 2.075877 | D13: 0.81007441 | E13: 4.4801822 | F13: 100.00505 | G13: 5.1454383 | H13: 88.86104 | I13: 1.1423667 | J13: 4.8543766 | K13: 100.00322 | L13: 7.0384532 | M13: 32.603741 | N13: 31.432044 | O13: 28.93824 | P13: 100.01248 | Q13: 54.061022 | R13: 16.212432 | S13: 12.008148 | T13: 17.718954 | U13: 100.00056 | W13: =Q13+S13 -> 66.06917
A14: （三） | B14: 93.194 | C14: 2.2580987 | D14: 0.8656592 | E14: 3.6820746 | F14: 99.999832 | G14: 4.8875837 | H14: 89.644012 | I14: 1.1619241 | J14: 4.3040724 | K14: 99.997593 | L14: 6.3449973 | M14: 32.862192 | N14: 31.640109 | O14: 29.188265 | P14: 100.03556 | Q14: 54.145975 | R14: 16.537165 | S14: 12.206494 | T14: 17.111502 | U14: 100.00114 | W14: =Q14+S14 -> 66.352469
A15: 三车间 | B15: 92.937364 | C15: 2.1847665 | D15: 0.82161438 | E15: 4.058642 | F15: 100.00239 | G15: 5.1168904 | H15: 89.192952 | I15: 1.1252224 | J15: 4.5651467 | K15: 100.00021 | L15: 6.7678916 | M15: 32.728115 | N15: 31.043016 | O15: 29.456475 | P15: 99.995497 | Q15: 54.276585 | R15: 16.285237 | S15: 11.697708 | T15: 17.740377 | U15: 99.999907 | W15: =Q15+S15 -> 65.974293
... A19: 四车间 | B19: 92.320502 | C19: 2.1356823 | D19: 0.9499202 | E19: 4.5941254 | F19: 100.00023 | G19: 4.6534233 | H19: 89.305122 | I19: 0.84764085 | J19: 5.1933861 | K19: 99.999573 | L19: 7.6151075 | M19: 33.325033 | N19: 29.192909 | O19: 29.828479 | P19: 99.961527 | Q19: 53.698216 | R19: 16.3036 | S19: 13.216965 | T19: 16.780932 | U19: 99.999714 | W19: =Q19+S19 -> 66.915181
A20: 全厂月 | W20: =Q20+S20 -> 0
A21: 全厂累 | B21: 92.720985 | C21: 1.8932671 | D21: 0.91855255 | E21: 4.4669517 | F21: 99.999757 | G21: 4.8868851 | H21: 89.186471 | I21: 0.93564944 | J21: 4.9906946 | K21: 99.999701 | L21: 7.3830362 | M21: 33.165853 | N21: 29.460995 | O21: 29.994844 | P21: 100.00473 | Q21: 54.482636 | R21: 15.892633 | S21: 12.581294 | T21: 17.043359 | U21: 99.999922 | W21: =Q21+S21 -> 67.06393

Sheet Sheet2
A1: 荣达（）选厂生产定期统计日报表
A2: 2012年 2 月 29 日
A3: 填报单位:荣达（）选厂 | J3: 填报时间：2012年3月1日
A4: 当地天气：晴 | E4: 当天气温：-25℃~-12℃
A5: 序号 | B5: 名 称 | C5: 单位 | D5: 月计划 | E5: 本日 | F5: 本月累计 | G5: 完成月计划（％） | H5: 年计划 | I5: 本年累计 | J5: 完成年计划（％） | K5: 同比(%)
B6: 选矿系统
A7: 1 | B7: 入厂矿石
A8: 1.1 | B8: 矿石量 | C8: 吨
A9: 2 | B9: 选厂库（堆）存原矿量 | C9: 吨
A10: 3 | B10: 入选处理原矿
A11: 3.1 | B11: 湿重 | C11: 吨 | G11: =F11/D11*100 -> #DIV/0! | J11: =I11/H11*100 -> #DIV/0!
B12: 干重 | C12: 吨 | G12: =F12/D12*100 -> #DIV/0! | J12: =I12/H12*100 -> #DIV/0!
B13: 水份 | C13: % | G13: =F13/D13*100 -> #DIV/0! | J13: =I13/H13*100 -> #DIV/0!
A14: 3.2 | B14: 铅品位 | C14: % | G14: =F14/D14*100 -> #DIV/0! | J14: =I14/H14*100 -> #DIV/0!
B15: 铅金属量 | C15: 吨 | G15: =F15/D15*100 -> #DIV/0! | J15: =I15/H15*100 -> #DIV/0!
A16: 3.3 | B16: 锌品位 | C16: % | G16: =F16/D16*100 -> #DIV/0! | J16: =I16/H16*100 -> #DIV/0!
B17: 锌金属量 | C17: 吨 | G17: =F17/D17*100 -> #DIV/0! | J17: =I17/H17*100 -> #DIV/0!
A18: 3.4 | B18: 铜品位 | C18: % | G18: =F18/D18*100 -> #DIV/0! | J18: =I18/H18*100 -> #DIV/0!
B19: 铜金属量 | C19: 吨 | G19: =F19/D19*100 -> #DIV/0! | J19: =I19/H19*100 -> #DIV/0!
A20: 3.5 | B20: 银品位 | C20: 克/吨 | G20: =F20/D20*100 -> #DIV/0! | J20: =I20/H20*100 -> #DIV/0!
B21: 银金属量 | C21: 公斤 | G21: =F21/D21*100 -> #DIV/0! | J21: =I21/H21*100 -> #DIV/0!
A23: 4 | B23: 产出产品
A24: 4.1 | B24: 铅精矿
A25: 4.1.1 | B25: 湿重 | C25: 吨 | G25: =F25/D25*100 -> #DIV/0! | J25: =I25/H25*100 -> #DIV/0!
B26: 干重 | C26: 吨 | G26: =F26/D26*100 -> #DIV/0! | J26: =I26/H26*100 -> #DIV/0!
B27: 水分 | C27: % | G27: =F27/D27*100 -> #DIV/0! | J27: =I27/H27*100 -> #DIV/0!
A28: 4.1.2 | B28: 铅品位 | C28: % | G28: =F28/D28*100 -> #DIV/0! | J28: =I28/H28*100 -> #DIV/0!
B29: 铅金属量 | C29: 吨 | G29: =F29/D29*100 -> #DIV/0! | J29: =I29/H29*100 -> #DIV/0!
A30: 4.1.3 | B30: 锌品位 | C30: % | G30: =F30/D30*100 -> #DIV/0! | J30: =I30/H30*100 -> #DIV/0!
B31: 锌金属量 | C31: 吨 | G31: =F31/D31*100 -> #DIV/0! | J31: =I31/H31*100 -> #DIV/0!
A32: 4.1.4 | B32: 铜品位 | C32: % | G32: =F32/D32*100 -> #DIV/0! | J32: =I32/H32*100 -> #DIV/0!
B33: 铜金属量 | C33: 吨 | G33: =F33/D33*100 -> #DIV/0! | J33: =I33/H33*100 -> #DIV/0!
A34: 4.1.5 | B34: 银品位 | C34: 克/吨 | G34: =F34/D34*100 -> #DIV/0! | J34: =I34/H34*100 -> #DIV/0!
B35: 银金属量 | C35: 公斤 | G35: =F35/D35*100 -> #DIV/0! | J35: =I35/H35*100 -> #DIV/0!
A36: 4.2 | B36: 锌精矿
A37: 4.2.1 | B37: 湿重 | C37: 吨 | G37: =F37/D37*100 -> #DIV/0! | J37: =I37/H37*100 -> #DIV/0!
B38: 干重 | C38: 吨 | G38: =F38/D38*100 -> #DIV/0! | J38: =I38/H38*100 -> #DIV/0!
B39: 水分 | C39: % | G39: =F39/D39*100 -> #DIV/0! | J39: =I39/H39*100 -> #DIV/0!
A40: 4.2.2 | B40: 铅品位 | C40: % | G40: =F40/D40*100 -> #DIV/0! | J40: =I40/H40*100 -> #DIV/0!
B41: 铅金属量 | C41: 吨 | G41: =F41/D41*100 -> #DIV/0! | J41: =I41/H41*100 -> #DIV/0!
A42: 4.2.3 | B42: 锌品位 | C42: % | G42: =F42/D42*100 -> #DIV/0! | J42: =I42/H42*100 -> #DIV/0!
B43: 锌金属量 | C43: 吨 | G43: =F43/D43*100 -> #DIV/0! | J43: =I43/H43*100 -> #DIV/0!
A44: 4.2.4 | B44: 铜品位 | C44: % | G44: =F44/D44*100 -> #DIV/0! | J44: =I44/H44*100 -> #DIV/0!
B45: 铜金属量 | C45: 吨 | G45: =F45/D45*100 -> #DIV/0! | J45: =I45/H45*100 -> #DIV/0!
A46: 4.2.5 | B46: 银品位 | C46: 克/吨 | G46: =F46/D46*100 -> #DIV/0! | J46: =I46/H46*100 -> #DIV/0!
B47: 银金属量 | C47: 公斤 | G47: =F47/D47*100 -> #DIV/0! | J47: =I47/H47*100 -> #DIV/0!
A48: 4.3 | B48: 铜精矿
A49: 4.3.1 | B49: 湿重 | C49: 吨 | G49: =F49/D49*100 -> #DIV/0! | J49: =I49/H49*100 -> #DIV/0!
B50: 干重 | C50: 吨 | G50: =F50/D50*100 -> #DIV/0! | J50: =I50/H50*100 -> #DIV/0!
B51: 水分 | C51: % | G51: =F51/D51*100 -> #DIV/0! | J51: =I51/H51*100 -> #DIV/0!
A52: 4.3.2 | B52: 铅品位 | C52: % | G52: =F52/D52*100 -> #DIV/0! | J52: =I52/H52*100 -> #DIV/0!
B53: 铅金属量 | C53: 吨 | G53: =F53/D53*100 -> #DIV/0! | J53: =I53/H53*100 -> #DIV/0!
A54: 4.3.3 | B54: 锌品位 | C54: % | G54: =F54/D54*100 -> #DIV/0! | J54: =I54/H54*100 -> #DIV/0!
B55: 锌金属量 | C55: 吨 | G55: =F55/D55*100 -> #DIV/0! | J55: =I55/H55*100 -> #DIV/0!
A56: 4.3.4 | B56: 铜品位 | C56: % | G56: =F56/D56*100 -> #DIV/0! | J56: =I56/H56*100 -> #DIV/0!
B57: 铜金属量 | C57: 吨 | G57: =F57/D57*100 -> #DIV/0! | J57: =I57/H57*100 -> #DIV/0!
A58: 4.3.5 | B58: 银品位 | C58: 克/吨 | G58: =F58/D58*100 -> #DIV/0! | J58: =I58/H58*100 -> #DIV/0!
B59: 银金属量 | C59: 公斤 | G59: =F59/D59*100 -> #DIV/0! | J59: =I59/H59*100 -> #DIV/0!
A60: 4.4 | B60: 尾矿
A61: 4.4.1 | B61: 干重 | C61: 吨 | G61: =F61/D61*100 -> #DIV/0! | J61: =I61/H61*100 -> #DIV/0!
A62: 4.4.2 | B62: 铅品位 | C62: % | G62: =F62/D62*100 -> #DIV/0! | J62: =I62/H62*100 -> #DIV/0!
B63: 铅金属量 | C63: 吨 | G63: =F63/D63*100 -> #DIV/0! | J63: =I63/H63*100 -> #DIV/0!
A64: 4.4.3 | B64: 锌品位 | C64: % | G64: =F64/D64*100 -> #DIV/0! | J64: =I64/H64*100 -> #DIV/0!
B65: 锌金属量 | C65: 吨 | G65: =F65/D65*100 -> #DIV/0! | J65: =I65/H65*100 -> #DIV/0!
A66: 4.4.4 | B66: 铜品位 | C66: % | G66: =F66/D66*100 -> #DIV/0! | J66: =I66/H66*100 -> #DIV/0!
B67: 铜金属量 | C67: 吨 | G67: =F67/D67*100 -> #DIV/0! | J67: =I67/H67*100 -> #DIV/0!
A68: 4.4.5 | B68: 银品位 | C68: 克/吨 | G68: =F68/D68*100 -> #DIV/0! | J68: =I68/H68*100 -> #DIV/0!
B69: 银金属量 | C69: 公斤 | G69: =F69/D69*100 -> #DIV/0! | J69: =I69/H69*100 -> #DIV/0!
A71: 5 | B71: 实际回收率
A72: 5.1 | B72: 铅精矿 | C72: % | G72: =F72/D72*100 -> #DIV/0! | J72: =I72/H72*100 -> #DIV/0!
A73: 5.2 | B73: 锌精矿 | C73: % | G73: =F73/D73*100 -> #DIV/0! | J73: =I73/H73*100 -> #DIV/0!
A74: 5.3 | B74: 铜精矿 | C74: % | G74: =F74/D74*100 -> #DIV/0! | J74: =I74/H74*100 -> #DIV/0!
B75: 银回收率 | C75: % | G75: =F75/D75*100 -> #DIV/0! | J75: =I75/H75*100 -> #DIV/0!
A77: 6 | B77: 验收产品
A78: 6.1 | B78: 铅精矿
A79: 6.1.1 | B79: 湿重 | C79: 吨 | G79: =F79/D79*100 -> #DIV/0! | J79: =I79/H79*100 -> #DIV/0!
B80: 干重 | C80: 吨 | G80: =F80/D80*100 -> #DIV/0! | J80: =I80/H80*100 -> #DIV/0!
B81: 水分 | C81: % | G81: =F81/D81*100 -> #DIV/0! | J81: =I81/H81*100 -> #DIV/0!
A82: 6.1.2 | B82: 铅品位 | C82: % | G82: =F82/D82*100 -> #DIV/0! | J82: =I82/H82*100 -> #DIV/0!
B83: 铅金属量 | C83: 吨 | G83: =F83/D83*100 -> #DIV/0! | J83: =I83/H83*100 -> #DIV/0!
A84: 6.1.5 | B84: 银品位 | C84: 克/吨 | G84: =F84/D84*100 -> #DIV/0! | J84: =I84/H84*100 -> #DIV/0!
B85: 银金属量 | C85: 公斤 | G85: =F85/D85*100 -> #DIV/0! | J85: =I85/H85*100 -> #DIV/0!
A86: 6.2 | B86: 锌精矿
A87: 6.2.1 | B87: 湿重 | C87: 吨 | G87: =F87/D87*100 -> #DIV/0! | J87: =I87/H87*100 -> #DIV/0!
B88: 干重 | C88: 吨 | G88: =F88/D88*100 -> #DIV/0! | J88: =I88/H88*100 -> #DIV/0!
B89: 水分 | C89: % | G89: =F89/D89*100 -> #DIV/0! | J89: =I89/H89*100 -> #DIV/0!
A90: 6.2.3 | B90: 锌品位 | C90: % | G90: =F90/D90*100 -> #DIV/0! | J90: =I90/H90*100 -> #DIV/0!
B91: 锌金属量 | C91: 吨 | G91: =F91/D91*100 -> #DIV/0! | J91: =I91/H91*100 -> #DIV/0!
A92: 6.3 | B92: 铜精矿
A93: 6.3.1 | B93: 湿重 | C93: 吨 | G93: =F93/D93*100 -> #DIV/0! | J93: =I93/H93*100 -> #DIV/0!
B94: 干重 | C94: 吨 | G94: =F94/D94*100 -> #DIV/0! | J94: =I94/H94*100 -> #DIV/0!
B95: 水分 | C95: % | G95: =F95/D95*100 -> #DIV/0! | J95: =I95/H95*100 -> #DIV/0!
A96: 6.3.4 | B96: 铜品位 | C96: % | G96: =F96/D96*100 -> #DIV/0! | J96: =I96/H96*100 -> #DIV/0!
B97: 铜金属量 | C97: 吨 | G97: =F97/D97*100 -> #DIV/0! | J97: =I97/H97*100 -> #DIV/0!
A98: 6.3.5 | B98: 银品位 | C98: 克/吨 | G98: =F98/D98*100 -> #DIV/0! | J98: =I98/H98*100 -> #DIV/0!
B99: 银金属量 | C99: 公斤 | G99: =F99/D99*100 -> #DIV/0! | J99: =I99/H99*100 -> #DIV/0!
A101: 7 | B101: 库存精矿量
A102: 7.1 | B102: 铅精矿（湿重）
A103: 7.2 | B103: 锌精矿（湿重）
A104: 7.3 | B104: 铜精矿（湿重）
...

Sheet 精矿盘点表（全年）
A1: 全年精矿盘点表（3%水分）
A3: 精矿 | B3: 分类 | C3: 湿量（T） | D3: 水分（%） | E3: 干量（T） | F3: 品位 | J3: 金属量
F4: 铜（%） | G4: 铅（%） | H4: 锌（%） | I4: 银（g/t) | J4: 铜(T) | K4: 铅(T) | L4: 锌(T) | M4: 银(kg)
A5: 铅 | B5: 已发货 | C5: ='日报表 (3%)'!I39 -> 7277.8
B6: 其中有品位 | C6: =出厂铅精!E228 -> 0 | D6: =出厂铅精!F228 -> #DIV/0! | E6: =出厂铅精!G228 -> 0 | F6: =出厂铅精!H228 -> #DIV/0! | G6: =出厂铅精!I228 -> #DIV/0! | H6: =出厂铅精!J228 -> #DIV/0! | I6: =出厂铅精!K228 -> #DIV/0! | J6: =E6*F6/100 -> #DIV/0! | K6: =E6*G6/100 -> #DIV/0! | L6: =E6*H6/100 -> #DIV/0! | M6: =E6*I6/1000 -> #DIV/0!
B7: 无品位（高） | C7: =C5-C6 -> 7277.8 | D7: =D6 -> #DIV/0! | E7: =C7*(100-D7)/100 -> #DIV/0! | G7: =G6 -> #DIV/0! | I7: =I6 -> #DIV/0! | K7: =E7*G7/100 -> #DIV/0! | M7: =E7*I7/1000 -> #DIV/0!
B8: 无品位（低）
B9: 库存 | C9: 150 | D9: =D6 -> #DIV/0! | E9: =C9*(100-D9)/100 -> #DIV/0! | G9: =G6 -> #DIV/0! | I9: =I6 -> #DIV/0! | K9: =E9*G9/100 -> #DIV/0! | M9: =E9*I9/1000 -> #DIV/0!
B10: 浓密机 | C10: 0 | D10: =D7 -> #DIV/0! | E10: =C10*(100-D10)/100 -> #DIV/0! | G10: =G6 -> #DIV/0! | I10: =I6 -> #DIV/0! | K10: =E10*G10/100 -> #DIV/0! | M10: =E10*I10/1000 -> #DIV/0!
B11: 合计 | C11: =C6+C7+C9+C10 -> 7427.8 | D11: =(C11-E11)/C11*100 -> #DIV/0! | E11: =E6+E7+E9+E10 -> #DIV/0! | G11: =G6 -> #DIV/0! | I11: =I6 -> #DIV/0! | K11: =E11*G11/100 -> #DIV/0! | M11: =E11*I11/1000 -> #DIV/0!
B12: 理论产出 | E12: ='班组统计台账（3%）日累'!L16 -> 14.392796 | G12: ='班组统计台账（3%）日累'!M16 -> 65.670863 | H12: ='班组统计台账（3%）日累'!N16 -> 0 | I12: ='班组统计台账（3%）日累'!O16 -> 3366.5768 | K12: ='班组统计台账（3%）日累'!P16 -> 9.4518735 | L12: ='班组统计台账（3%）日累'!Q16 -> 0 | M12: ='班组统计台账（3%）日累'!R16 -> 48.454454
B13: 盈/亏（按金属量计算） | E13: =K13/G6*100 -> #DIV/0! | G13: =G11-G12 -> #DIV/0! | H13: =H6-H12 -> #DIV/0! | I13: =I11-I12 -> #DIV/0! | K13: =K11-K12 -> #DIV/0! | M13: =M11-M12 -> #DIV/0!
A15: 锌 | B15: 已发货 | C15: ='日报表 (3%)'!#REF! -> #REF!
B16: 其中有品位 | C16: =出厂锌精!E948 -> 0 | D16: =出厂锌精!F948 -> #DIV/0! | E16: =出厂锌精!G948 -> 0 | F16: =出厂锌精!H948 -> #DIV/0! | G16: =出厂锌精!I948 -> #DIV/0! | H16: =出厂锌精!J948 -> #DIV/0! | I16: =出厂锌精!K948 -> #DIV/0! | J16: =出厂锌精!L948 -> 0 | ... M16: =出厂锌精!O948 -> 0
B17: 无品位（高） | C17: =C15-C16 -> #REF! | D17: =D16 -> #DIV/0! | E17: =C17*(100-D17)/100 -> #REF! | H17: =H16 -> #DIV/0! | L17: =E17*H17/100 -> #REF!
B18: 无品位（低）
B19: 库存 | D19: =D16 -> #DIV/0! | E19: =C19*(100-D19)/100 -> #DIV/0! | H19: =H16 -> #DIV/0! | L19: =E19*H19/100 -> #DIV/0!
B20: 浓密机 | C20: 60 | D20: =D17 -> #DIV/0! | E20: =C20*(100-D20)/100 -> #DIV/0! | H20: =H16 -> #DIV/0! | L20: =E20*H20/100 -> #DIV/0!
B21: 合计 | C21: =C16+C17+C19+C20 -> #REF! | D21: =(C21-E21)/C21*100 -> #REF! | E21: =E16+E17+E19+E20 -> #REF! | H21: =H16 -> #DIV/0! | L21: =E21*H21/100 -> #REF!
B22: 理论产出 | E22: ='班组统计台账（3%）日累'!S16 -> 0 | G22: ='班组统计台账（3%）日累'!T16 -> 0.00 | H22: ='班组统计台账（3%）日累'!U16 -> 0.00 | I22: ='班组统计台账（3%）日累'!V16 -> 0 | K22: ='班组统计台账（3%）日累'!W16 -> 0 | L22: ='班组统计台账（3%）日累'!X16 -> 0 | M22: ='班组统计台账（3%）日累'!Y16 -> 0
B23: 盈/亏（按金属量计算） | E23: =L23/H16*100 -> #REF! | G23: =G16-G22 -> #DIV/0! | H23: =H21-H22 -> #DIV/0! | I23: =I16-I22 -> #DIV/0! | L23: =L21-L22 -> #REF!
A25: 入选原矿 | E25: ='班组统计台账（3%）日累'!D16 -> 248.32 | G25: ='班组统计台账（3%）日累'!E16 -> 3.91 | H25: ='班组统计台账（3%）日累'!F16 -> 0 | I25: ='班组统计台账（3%）日累'!G16 -> 195.5 | K25: ='班组统计台账（3%）日累'!H16 -> 9.709312 | L25: ='班组统计台账（3%）日累'!I16 -> 0 | M25: ='班组统计台账（3%）日累'!J16 -> 48.54656
A26: 实际回收率 | G26: =K11/K25*100 -> #DIV/0! | H26: =L21/L25*100 -> #REF! | I26: =(M11)/M25*100 -> #DIV/0!
A27: 理论回收率 | G27: ='班组统计台账（3%）日累'!AH16 -> 97.34854 | H27: ='班组统计台账（3%）日累'!AI16 -> 0.00 | I27: ='班组统计台账（3%）日累'!AJ16 -> 99.810274
A28: 回收率对比 | G28: =G26-G27 -> #DIV/0! | H28: =H26-H27 -> #REF! | I28: =I26-I27 -> #DIV/0!

Sheet 精矿盘点表（月度）
A1: 月份精矿盘点表（降收率）
A3: =基础数据!A2 -> 45836 | C3: 数 量 | F3: 精矿品位 | I3: 精矿金属量 | L3: 备注
C4: 湿 量 | D4: 水份 | E4: 干 量 | F4: Pb | G4: Zn | H4: Ag | I4: Pb | J4: Zn | K4: Ag
A5: 2021年10月25日盘点库存 | B5: 铅精矿
B6: 锌精矿
A7: 2021年10月理论产出 | B7: 铅精矿 | C7: =E7/(100-D7)*100 -> 15.956537 | D7: 9.8 | E7: ='班组统计台账（3%）日累'!L15 -> 14.392796 | F7: ='班组统计台账（3%）日累'!M15 -> 65.670863 | G7: ='班组统计台账（3%）日累'!N15 -> 0 | H7: ='班组统计台账（3%）日累'!O15 -> 3366.5768 | I7: ='班组统计台账（3%）日累'!P15 -> 9.4518735 | J7: ='班组统计台账（3%）日累'!Q15 -> 0 | K7: ='班组统计台账（3%）日累'!R15 -> 48.454454
B8: 锌精矿 | C8: =E8/(100-D8)*100 -> 0 | D8: 9.8 | E8: ='班组统计台账（3%）日累'!S15 -> 0 | F8: ='班组统计台账（3%）日累'!T15 -> 0.00 | G8: ='班组统计台账（3%）日累'!U15 -> 0.00 | H8: ='班组统计台账（3%）日累'!V15 -> 0 | I8: ='班组统计台账（3%）日累'!W15 -> 0 | J8: ='班组统计台账（3%）日累'!X15 -> 0 | K8: ='班组统计台账（3%）日累'!Y15 -> 0
A9: 月度入选矿石 | B9: 矿石 | C9: =E9/(100-D9)*100 -> 256 | D9: ='班组统计台账（3%）日累'!B53 -> 3 | E9: ='班组统计台账（3%）日累'!D15 -> 248.32 | F9: ='班组统计台账（3%）日累'!E15 -> 3.91 | G9: ='班组统计台账（3%）日累'!F15 -> 0 | H9: ='班组统计台账（3%）日累'!G15 -> 195.5 | I9: ='班组统计台账（3%）日累'!H15 -> 9.709312 | J9: ='班组统计台账（3%）日累'!I15 -> 0 | K9: ='班组统计台账（3%）日累'!J15 -> 48.54656
A10: 月度精矿理论与实际品位对比 | B10: 铅精矿理论 | C10: =E10/0.9 -> 15.991996 | D10: 10 | E10: =E7 -> 14.392796 | F10: =F7 -> 65.670863 | G10: =G7 -> 0 | H10: =H7 -> 3366.5768 | I10: =I7 -> 9.4518735 | J10: =J7 -> 0 | K10: =K7 -> 48.454454
B11: 铅精矿出厂 | C11: =出厂铅精!#REF! -> #REF! | D11: =出厂铅精!#REF! -> #REF! | E11: =出厂铅精!#REF! -> #REF! | F11: =出厂铅精!#REF! -> #REF! | G11: =出厂铅精!#REF! -> #REF! | H11: =出厂铅精!#REF! -> #REF! | I11: =出厂铅精!#REF! -> #REF! | J11: =出厂铅精!#REF! -> #REF! | K11: =出厂铅精!#REF! -> #REF!
B12: 铅精矿返厂 | F12: =F10-F11 -> #REF! | G12: =G10-G11 -> #REF! | H12: =H10-H11 -> #REF!
B13: 锌精矿理论 | C13: =E13/0.907 -> 0 | D13: 9.5 | E13: =E8 -> 0 | F13: =F8 -> 0.00 | G13: =G8 -> 0.00 | H13: =H8 -> 0 | I13: =I8 -> 0 | J13: =J8 -> 0 | K13: =K8 -> 0
B14: 锌精矿出厂 | C14: =出厂锌精!E947 -> #REF! | D14: =出厂锌精!F947 -> #REF! | E14: =出厂锌精!G947 -> #REF! | F14: =出厂锌精!I947 -> #REF! | G14: =出厂锌精!J947 -> #REF! | H14: =出厂锌精!K947 -> #REF! | I14: =出厂锌精!M947 -> #REF! | J14: =出厂锌精!N947 -> #REF! | K14: =出厂锌精!O947 -> #REF!
B15: 锌精矿返厂 | F15: =F13-F14 -> #REF! | G15: =G13-G14 -> #REF! | H15: =H13-H14 -> #REF!
A16: 综合品位（本月出厂+上月库存） | B16: 铅精矿 | C16: =C11+C5 -> #REF! | D16: =(1-(E16/C16))*100 -> #REF! | E16: =E11+E5 -> #REF! | F16: =I16/E16*100 -> #REF! | G16: =J16/E16*100 -> #REF! | H16: =K16/E16*1000 -> #REF! | I16: =I11+I5 -> #REF! | J16: =J11+J5 -> #REF! | K16: =K11+K5 -> #REF!
B17: 锌精矿 | C17: =C14+C6 -> #REF! | D17: =(1-(E17/C17))*100 -> #REF! | E17: =E14+E6 -> #REF! | F17: =I17/E17*100 -> #REF! | G17: =J17/E17*100 -> #REF! | H17: =K17/E17*1000 -> #REF! | I17: =I14+I6 -> #REF! | J17: =J14+J6 -> #REF! | K17: =K14+K6 -> #REF!
A18: 今日实际结存 | B18: 铅精矿 | D18: =D11 -> #REF! | E18: =C18*(100-D18)/100 -> #REF! | F18: =F11 -> #REF! | G18: =G11 -> #REF! | H18: =H11 -> #REF! | I18: =E18*F18/100 -> #REF! | J18: =E18*G18/100 -> #REF! | K18: =E18*H18/1000 -> #REF!
B19: 锌精矿 | D19: =D14 -> #REF! | E19: =C19*(100-D19)/100 -> #REF! | F19: =F14 -> #REF! | G19: =G14 -> #REF! | H19: =H14 -> #REF! | I19: =E19*F19/100 -> #REF! | J19: =E19*G19/100 -> #REF! | K19: =E19*H19/1000 -> #REF!
A20: 本月实际产出(今日实际结存+本月出厂-上月库存) | B20: 铅精矿 | C20: =C18+C11-C5 -> #REF! | D20: =D11 -> #REF! | E20: =C20*(100-D20)/100 -> #REF! | F20: =I20/E20*100 -> #REF! | G20: =J20/E20*100 -> #REF! | H20: =K20/E20*1000 -> #REF! | I20: =I18+I11-I5 -> #REF! | J20: =J18+J11-J5 -> #REF! | K20: =K18+K11-K5 -> #REF!
B21: 锌精矿 | C21: =C19+C14-C6 -> #REF! | D21: =D14 -> #REF! | E21: =C21*(100-D21)/100 -> #REF! | F21: =I21/E21*100 -> #REF! | G21: =J21/E21*100 -> #REF! | H21: =K21/E21*1000 -> #REF! | I21: =I19+I14-I6 -> #REF! | J21: =J19+J14-J6 -> #REF! | K21: =K19+K14-K6 -> #REF!
A22: 本月理论回收率 | F22: =I7/I9*100 -> 97.34854 | G22: =J8/J9*100 -> #DIV/0! | H22: =((K7)/K9)*100 -> 99.810274
A23: 本月实际回收率 | F23: =I20/I9*100 -> #REF! | G23: =J21/J9*100 -> #REF! | H23: =(K20)/K9*100 -> #REF!

Sheet 出厂铅精
A1: 选矿厂运出( Pb )精矿统计台帐
A2: 日 期 | B2: 序号 | C2: 车 号 | D2: 原编号 | E2: 数 量 | H2: 品 位(﹪) | L2: 含 量
E3: 湿 量 | F3: 水份 | G3: 干 量 | H3: 铜（%） | I3: 铅（%） | J3: 锌（%） | K3: 银（g/t） | L3: Cu | M3: Pb | N3: Zn | O3: Ag
C227: 铅精矿出厂 | E227: =SUM(E163:E226) -> 0 | F227: =(E227-G227)/E227*100 -> #DIV/0! | G227: =SUM(G163:G226) -> 0 | H227: =L227/G227*100 -> #DIV/0! | I227: =M227/G227*100 -> #DIV/0! | J227: =N227/G227*100 -> #DIV/0! | K227: =O227/G227*1000 -> #DIV/0! | L227: =SUM(L163:L226) -> 0 | M227: =SUM(M163:M226) -> 0 | N227: =SUM(N163:N226) -> 0 | O227: =SUM(O163:O226) -> 0
A228: 全年合计 | E228: =SUM(E4:E227) -> 0 | F228: =(E228-G228)/E228*100 -> #DIV/0! | G228: =SUM(G4:G227) -> 0 | H228: =L228/G228*100 -> #DIV/0! | I228: =M228/G228*100 -> #DIV/0! | J228: =N228/G228*100 -> #DIV/0! | K228: =O228/G228*1000 -> #DIV/0! | L228: =SUM(L4:L227) -> 0 | M228: =SUM(M4:M227) -> 0 | N228: =SUM(N4:N227) -> 0 | O228: =SUM(O4:O227) -> 0

Sheet 出厂铅精-公司发
A1: 荣达选矿厂运出( Pb )精矿统计台帐
A2: 日 期 | B2: 序号 | C2: 车 号 | D2: 原编号 | E2: 数 量 | H2: 品 位(﹪) | L2: 含 量
E3: 湿 量 | F3: 水份 | G3: 干 量 | H3: 铅（%） | I3: 锌（%） | J3: 铜（%） | K3: 银（g/t） | L3: Pb | M3: Zn | N3: Cu | O3: Ag
A4: 45514 | B4: 001 | C4: 73737 | D4: 铅精-001 | E4: 33.5 | F4: 11.15 | G4: =E4*(100-F4)/100 -> 29.76475 | H4: 55.33 | I4: 3.78 | J4: 0.79 | K4: 2711 | L4: =G4*H4/100 -> 16.468836 | M4: =G4*I4/100 -> 1.1251076 | N4: =G4*J4/100 -> 0.23514152 | O4: =G4*K4/1000 -> 80.692237
A5: 45514 | B5: 002 | C5: 0116 | D5: 铅精-002 | E5: 33.42 | F5: 11.52 | G5: =E5*(100-F5)/100 -> 29.570016 | H5: 55.59 | I5: 3.71 | J5: 0.79 | K5: 2728 | L5: =G5*H5/100 -> 16.437972 | M5: =G5*I5/100 -> 1.0970476 | N5: =G5*J5/100 -> 0.23360313 | O5: =G5*K5/1000 -> 80.667004
A6: 45514 | B6: 003 | C6: 99068 | D6: 铅精-003 | E6: 32.94 | F6: 11.25 | G6: =E6*(100-F6)/100 -> 29.23425 | H6: 55.85 | I6: 3.63 | J6: 0.78 | K6: 2747 | L6: =G6*H6/100 -> 16.327329 | M6: =G6*I6/100 -> 1.0612033 | N6: =G6*J6/100 -> 0.22802715 | O6: =G6*K6/1000 -> 80.306485
A7: 45514 | B7: 004 | C7: 50265 | D7: 铅精-004 | E7: 34.44 | F7: 10.55 | G7: =E7*(100-F7)/100 -> 30.80658 | H7: 54.84 | I7: 3.96 | J7: 0.8 | K7: 2691 | L7: =G7*H7/100 -> 16.894328 | M7: =G7*I7/100 -> 1.2199406 | N7: =G7*J7/100 -> 0.24645264 | O7: =G7*K7/1000 -> 82.900507
A8: 45514 | B8: 005 | C8: 67120 | D8: 铅精-005 | E8: 33.4 | F8: 11.32 | G8: =E8*(100-F8)/100 -> 29.61912 | H8: 54.01 | I8: 3.92 | J8: 0.8 | K8: 2673 | L8: =G8*H8/100 -> 15.997287 | M8: =G8*I8/100 -> 1.1610695 | N8: =G8*J8/100 -> 0.23695296 | O8: =G8*K8/1000 -> 79.171908
A9: 45514 | B9: 006 | C9: 315600 | D9: 铅精-006 | E9: 34.56 | F9: 10.81 | G9: =E9*(100-F9)/100 -> 30.824064 | H9: 54.27 | I9: 3.92 | J9: 0.8 | K9: 2662 | L9: =G9*H9/100 -> 16.72822 | M9: =G9*I9/100 -> 1.2083033 | N9: =G9*J9/100 -> 0.24659251 | O9: =G9*K9/1000 -> 82.053658
A10: 45514 | B10: 007 | C10: 88968 | D10: 铅精-007 | E10: 33.18 | F10: 10.89 | G10: =E10*(100-F10)/100 -> 29.566698 | H10: 55.33 | I10: 3.78 | J10: 0.78 | K10: 2706 | L10: =G10*H10/100 -> 16.359254 | M10: =G10*I10/100 -> 1.1176212 | N10: =G10*J10/100 -> 0.23062024 | O10: =G10*K10/1000 -> 80.007485
A11: 45516 | B11: 008 | C11: 31560 | D11: 铅精-008 | E11: 34.42 | F11: 10.58 | G11: =E11*(100-F11)/100 -> 30.778364 | H11: 54.76 | I11: 3.82 | J11: 0.79 | K11: 2677 | L11: =G11*H11/100 -> 16.854232 | M11: =G11*I11/100 -> 1.1757335 | N11: =G11*J11/100 -> 0.24314908 | O11: =G11*K11/1000 -> 82.39368
A12: 45516 | B12: 009 | C12: 99068 | D12: 铅精-009 | E12: 32.8 | F12: 11.17 | G12: =E12*(100-F12)/100 -> 29.13624 | H12: 54.61 | I12: 3.82 | J12: 0.8 | K12: 2690 | L12: =G12*H12/100 -> 15.911301 | M12: =G12*I12/100 -> 1.1130044 | N12: =G12*J12/100 -> 0.23308992 | O12: =G12*K12/1000 -> 78.376486
A13: 45516 | B13: 010 | C13: 88968 | D13: 铅精-010 | E13: 33.26 | F13: 11.06 | G13: =E13*(100-F13)/100 -> 29.581444 | H13: 54.42 | I13: 3.78 | J13: 0.8 | K13: 2707 | L13: =G13*H13/100 -> 16.098222 | M13: =G13*I13/100 -> 1.1181786 | N13: =G13*J13/100 -> 0.23665155 | O13: =G13*K13/1000 -> 80.076969
A14: 45516 | B14: 011 | C14: 50265 | D14: 铅精-011 | E14: 34.02 | F14: 10.28 | G14: =E14*(100-F14)/100 -> 30.522744 | H14: 53.33 | I14: 3.49 | J14: 0.77 | K14: 2657 | L14: =G14*H14/100 -> 16.277779 | M14: =G14*I14/100 -> 1.0652438 | N14: =G14*J14/100 -> 0.23502513 | O14: =G14*K14/1000 -> 81.098931
A15: 45516 | B15: 012 | C15: 0116 | D15: 铅精-012 | E15: 33.42 | F15: 11.98 | G15: =E15*(100-F15)/100 -> 29.416284 | H15: 53.63 | I15: 3.49 | J15: 0.75 | K15: 2647 | L15: =G15*H15/100 -> 15.775953 | M15: =G15*I15/100 -> 1.0266283 | N15: =G15*J15/100 -> 0.22062213 | O15: =G15*K15/1000 -> 77.864904
A16: 45516 | B16: 013 | C16: 73737 | D16: 铅精-013 | E16: 33.32 | F16: 11.54 | G16: =E16*(100-F16)/100 -> 29.474872 | H16: 53.54 | I16: 3.49 | J16: 0.76 | K16: 2708 | L16: =G16*H16/100 -> 15.780846 | M16: =G16*I16/100 -> 1.028673 | N16: =G16*J16/100 -> 0.22400903 | O16: =G16*K16/1000 -> 79.817953
A17: 45517 | B17: 014 | C17: 99068 | D17: 铅精-014 | E17: 32.94 | F17: 12.94 | G17: 28.677564 | H17: 52.25 | I17: 3.19 | J17: 0.73 | K17: 2568 | L17: =G17*H17/100 -> 14.984027 | M17: =G17*I17/100 -> 0.91481429 | N17: =G17*J17/100 -> 0.20934622 | O17: =G17*K17/1000 -> 73.643984
A18: 45517 | B18: 015 | C18: 88968 | D18: 铅精-015 | E18: 33.16 | F18: 12.59 | G18: 28.985156 | H18: 52.25 | I18: 3.21 | J18: 0.74 | K18: 2548 | L18: =G18*H18/100 -> 15.144744 | M18: =G18*I18/100 -> 0.93042351 | N18: =G18*J18/100 -> 0.21449015 | O18: =G18*K18/1000 -> 73.854177
A19: 45517 | B19: 016 | C19: 31560 | D19: 铅精-016 | E19: 34.42 | F19: 12.8 | G19: 30.01424 | H19: 52.06 | I19: 3.33 | J19: 0.74 | K19: 2448 | L19: =G19*H19/100 -> 15.625413 | M19: =G19*I19/100 -> 0.99947419 | N19: =G19*J19/100 -> 0.22210538 | O19: =G19*K19/1000 -> 73.47486
A20: 45517 | B20: 017 | C20: 50265 | D20: 铅精-017 | E20: 34.54 | F20: 12.04 | G20: 30.381384 | H20: 51.99 | I20: 3.26 | J20: 0.74 | K20: 2345 | L20: =G20*H20/100 -> 15.795282 | M20: =G20*I20/100 -> 0.99043312 | N20: =G20*J20/100 -> 0.22482224 | O20: =G20*K20/1000 -> 71.244345
A21: 45518 | B21: 018 | C21: 99068 | D21: 铅精-018 | E21: 32.84 | F21: 14.82 | G21: =E21*(100-F21)/100 -> 27.973112 | H21: 50.22 | I21: 2.9 | J21: 0.79 | K21: 2431 | L21: =G21*H21/100 -> 14.048097 | M21: =G21*I21/100 -> 0.81122025 | N21: =G21*J21/100 -> 0.22098758 | O21: =G21*K21/1000 -> 68.002635
A22: 45518 | B22: 019 | C22: 0116 | D22: 铅精-019 | E22: 33.48 | F22: 13.82 | G22: =E22*(100-F22)/100 -> 28.853064 | H22: 49.81 | I22: 2.86 | J22: 0.79 | K22: 2378 | L22: =G22*H22/100 -> 14.371711 | M22: =G22*I22/100 -> 0.82519763 | N22: =G22*J22/100 -> 0.22793921 | O22: =G22*K22/1000 -> 68.612586
A23: 45518 | B23: 020 | C23: 73737 | D23: 铅精-020 | E23: 33.14 | F23: 14.2 | G23: =E23*(100-F23)/100 -> 28.43412 | H23: 50.22 | I23: 2.97 | J23: 0.7 | K23: 2464 | L23: =G23*H23/100 -> 14.279615 | M23: =G23*I23/100 -> 0.84449336 | N23: =G23*J23/100 -> 0.19903884 | O23: =G23*K23/1000 -> 70.061672
A24: 45518 | B24: 021 | C24: 31560 | D24: 铅精-021 | E24: 34.38 | F24: 14.56 | G24: =E24*(100-F24)/100 -> 29.374272 | H24: 50.41 | I24: 3.02 | J24: 0.65 | K24: 2438 | L24: =G24*H24/100 -> 14.807571 | M24: =G24*I24/100 -> 0.88710301 | N24: =G24*J24/100 -> 0.19093277 | O24: =G24*K24/1000 -> 71.614475
A25: 45518 | B25: 022 | C25: 50265 | D25: 铅精-022 | E25: 34.3 | F25: 12.86 | G25: =E25*(100-F25)/100 -> 29.88902 | H25: 50.52 | I25: 2.93 | J25: 0.7 | K25: 2444 | L25: =G25*H25/100 -> 15.099933 | M25: =G25*I25/100 -> 0.87574829 | N25: =G25*J25/100 -> 0.20922314 | O25: =G25*K25/1000 -> 73.048765
A26: 45518 | B26: 023 | C26: 88968 | D26: 铅精-023 | E26: 33.4 | F26: 14.09 | G26: =E26*(100-F26)/100 -> 28.69394 | H26: 51.13 | I26: 3.07 | J26: 0.77 | K26: 2461 | L26: =G26*H26/100 -> 14.671212 | M26: =G26*I26/100 -> 0.88090396 | N26: =G26*J26/100 -> 0.22094334 | O26: =G26*K26/1000 -> 70.615786
A27: 45519 | B27: 024 | C27: 73737 | D27: 铅精-024 | E27: 33.42 | F27: 16.28 | G27: =E27*(100-F27)/100 -> 27.979224 | H27: 46.72 | I27: 3.12 | J27: 0.72 | K27: 2296 | L27: =G27*H27/100 -> 13.071893 | M27: =G27*I27/100 -> 0.87295179 | N27: =G27*J27/100 -> 0.20145041 | O27: =G27*K27/1000 -> 64.240298
A28: 45519 | B28: 025 | C28: 31560 | D28: 铅精-025 | E28: 34.24 | F28: 15.21 | G28: =E28*(100-F28)/100 -> 29.032096 | H28: 42.94 | I28: 2.97 | J28: 0.67 | K28: 2145 | L28: =G28*H28/100 -> 12.466382 | M28: =G28*I28/100 -> 0.86225325 | N28: =G28*J28/100 -> 0.19451504 | O28: =G28*K28/1000 -> 62.273846
A29: 45519 | B29: 026 | C29: 99068 | D29: 铅精-026 | E29: 32.58 | F29: 14.16 | G29: =E29*(100-F29)/100 -> 27.966672 | H29: 50.96 | I29: 3.02 | J29: 0.71 | K29: 2453 | L29: =G29*H29/100 -> 14.251816 | M29: =G29*I29/100 -> 0.84459349 | N29: =G29*J29/100 -> 0.19856337 | O29: =G29*K29/1000 -> 68.602246
A30: 45519 | B30: 027 | C30: 88968 | D30: 铅精-027 | E30: 33.2 | F30: 13.81 | G30: =E30*(100-F30)/100 -> 28.61508 | H30: 51.46 | I30: 3.07 | J30: 0.76 | K30: 2417 | L30: =G30*H30/100 -> 14.72532 | M30: =G30*I30/100 -> 0.87848296 | N30: =G30*J30/100 -> 0.21747461 | O30: =G30*K30/1000 -> 69.162648
A31: 45519 | B31: 028 | C31: 50265 | D31: 铅精-028 | E31: 34.32 | F31: 13.33 | G31: =E31*(100-F31)/100 -> 29.745144 | H31: 51.61 | I31: 2.97 | J31: 0.72 | K31: 2455 | L31: =G31*H31/100 -> 15.351469 | M31: =G31*I31/100 -> 0.88343078 | N31: =G31*J31/100 -> 0.21416504 | O31: =G31*K31/1000 -> 73.024329
A32: 45519 | B32: 029 | C32: 0116 | D32: 铅精-029 | E32: 33.68 | F32: 13.47 | G32: =E32*(100-F32)/100 -> 29.143304 | H32: 51.56 | I32: 3.04 | J32: 0.74 | K32: 2393 | L32: =G32*H32/100 -> 15.026288 | M32: =G32*I32/100 -> 0.88595644 | N32: =G32*J32/100 -> 0.21566045 | O32: =G32*K32/1000 -> 69.739926
... A152: 45542 | B152: 152 | C152: 31560 | D152: 铅精-152 | E152: 34.32 | F152: 15.92 | G152: =E152*(100-F152)/100 -> 28.856256 | H152: 47.68 | I152: 4.21 | J152: 0.79 | K152: 2320 | L152: =G152*H152/100 -> 13.758663 | M152: =G152*I152/100 -> 1.2148484 | N152: =G152*J152/100 -> 0.22796442 | O152: =G152*K152/1000 -> 66.946514
E153: 32.94 | F153: 17.66 | G153: =E153*(100-F153)/100 -> 27.122796 | H153: 49.52 | I153: 3.13 | J153: 0.71 | K153: 2485 | L153: =G153*H153/100 -> 13.431209 | M153: =G153*I153/100 -> 0.84894351 | N153: =G153*J153/100 -> 0.19257185 | O153: =G153*K153/1000 -> 67.400148
E154: 34.66 | F154: 17.56 | G154: =E154*(100-F154)/100 -> 28.573704 | H154: 48.09 | I154: 2.87 | J154: 0.69 | K154: 2380 | L154: =G154*H154/100 -> 13.741094 | M154: =G154*I154/100 -> 0.8200653 | N154: =G154*J154/100 -> 0.19715856 | O154: =G154*K154/1000 -> 68.005416
E155: 34.06 | F155: 17.84 | G155: =E155*(100-F155)/100 -> 27.983696 | H155: 49.41 | I155: 2.94 | J155: 0.71 | K155: 2424 | L155: =G155*H155/100 -> 13.826744 | M155: =G155*I155/100 -> 0.82272066 | N155: =G155*J155/100 -> 0.19868424 | O155: =G155*K155/1000 -> 67.832479
E156: 33.7 | F156: 17.08 | G156: =E156*(100-F156)/100 -> 27.94404 | H156: 48.53 | I156: 3.24 | J156: 0.71 | K156: 2471 | L156: =G156*H156/100 -> 13.561243 | M156: =G156*I156/100 -> 0.9053869 | N156: =G156*J156/100 -> 0.19840268 | O156: =G156*K156/1000 -> 69.049723
E157: 33.68 | F157: 17.93 | G157: =E157*(100-F157)/100 -> 27.641176 | H157: 49.85 | I157: 3.24 | J157: 0.74 | K157: 2528 | L157: =G157*H157/100 -> 13.779126 | M157: =G157*I157/100 -> 0.8955741 | N157: =G157*J157/100 -> 0.2045447 | O157: =G157*K157/1000 -> 69.876893
E158: 33.26 | F158: 18.09 | G158: =E158*(100-F158)/100 -> 27.243266 | H158: 49.92 | I158: 3.19 | J158: 0.72 | K158: 2517 | L158: =G158*H158/100 -> 13.599838 | M158: =G158*I158/100 -> 0.86906019 | N158: =G158*J158/100 -> 0.19615152 | O158: =G158*K158/1000 -> 68.571301
E159: 33.14 | F159: 17.95 | G159: =E159*(100-F159)/100 -> 27.19137 | H159: 49.48 | I159: 3.08 | J159: 0.71 | K159: 2525 | L159: =G159*H159/100 -> 13.45429 | M159: =G159*I159/100 -> 0.8374942 | N159: =G159*J159/100 -> 0.19305873 | O159: =G159*K159/1000 -> 68.658209
E160: 34.06 | F160: 17.75 | G160: =E160*(100-F160)/100 -> 28.01435 | H160: 48.74 | I160: 3.29 | J160: 0.7 | K160: 2377 | L160: =G160*H160/100 -> 13.654194 | M160: =G160*I160/100 -> 0.92167212 | N160: =G160*J160/100 -> 0.19610045 | O160: =G160*K160/1000 -> 66.59011
E161: 33.32 | F161: 16.54 | G161: =E161*(100-F161)/100 -> 27.808872 | H161: 49.98 | I161: 3.75 | J161: 0.76 | K161: 2470 | L161: =G161*H161/100 -> 13.898874 | M161: =G161*I161/100 -> 1.0428327 | N161: =G161*J161/100 -> 0.21134743 | O161: =G161*K161/1000 -> 68.687914
E162: 34.22 | F162: 16.96 | G162: =E162*(100-F162)/100 -> 28.416288 | H162: 49.32 | I162: 3.73 | J162: 0.74 | K162: 2420 | L162: =G162*H162/100 -> 14.014913 | M162: =G162*I162/100 -> 1.0599275 | N162: =G162*J162/100 -> 0.21028053 | O162: =G162*K162/1000 -> 68.767417
E163: 32.82 | F163: 16.93 | G163: =E163*(100-F163)/100 -> 27.263574 | H163: 49.18 | I163: 3.73 | J163: 0.74 | K163: 2440 | L163: =G163*H163/100 -> 13.408226 | M163: =G163*I163/100 -> 1.0169313 | N163: =G163*J163/100 -> 0.20175045 | O163: =G163*K163/1000 -> 66.523121
E164: 33.64 | F164: 16.8 | G164: =E164*(100-F164)/100 -> 27.98848 | H164: 49 | I164: 3.66 | J164: 0.73 | K164: 2410 | L164: =G164*H164/100 -> 13.714355 | M164: =G164*I164/100 -> 1.0243784 | N164: =G164*J164/100 -> 0.2043159 | O164: =G164*K164/1000 -> 67.452237
E165: 34.32 | F165: 15.92 | G165: =E165*(100-F165)/100 -> 28.856256 | H165: 47.68 | I165: 4.21 | J165: 0.79 | K165: 2320 | L165: =G165*H165/100 -> 13.758663 | M165: =G165*I165/100 -> 1.2148484 | N165: =G165*J165/100 -> 0.22796442 | O165: =G165*K165/1000 -> 66.946514
G166: =E166*(100-F166)/100 -> 0 | L166: =G166*H166/100 -> 0 | M166: =G166*I166/100 -> 0 | N166: =G166*J166/100 -> 0 | O166: =G166*K166/1000 -> 0
G167: =E167*(100-F167)/100 -> 0 | L167: =G167*H167/100 -> 0 | M167: =G167*I167/100 -> 0 | N167: =G167*J167/100 -> 0 | O167: =G167*K167/1000 -> 0
G168: =E168*(100-F168)/100 -> 0 | L168: =G168*H168/100 -> 0 | M168: =G168*I168/100 -> 0 | N168: =G168*J168/100 -> 0 | O168: =G168*K168/1000 -> 0
G169: =E169*(100-F169)/100 -> 0 | L169: =G169*H169/100 -> 0 | M169: =G169*I169/100 -> 0 | N169: =G169*J169/100 -> 0 | O169: =G169*K169/1000 -> 0
G170: =E170*(100-F170)/100 -> 0 | L170: =G170*H170/100 -> 0 | M170: =G170*I170/100 -> 0 | N170: =G170*J170/100 -> 0 | O170: =G170*K170/1000 -> 0
G171: =E171*(100-F171)/100 -> 0 | L171: =G171*H171/100 -> 0 | M171: =G171*I171/100 -> 0 | N171: =G171*J171/100 -> 0 | O171: =G171*K171/1000 -> 0
G172: =E172*(100-F172)/100 -> 0 | L172: =G172*H172/100 -> 0 | M172: =G172*I172/100 -> 0 | N172: =G172*J172/100 -> 0 | O172: =G172*K172/1000 -> 0
C173: 铅精矿出厂 | G173: =E173*(100-F173)/100 -> 0 | L173: =G173*H173/100 -> 0 | M173: =G173*I173/100 -> 0 | N173: =G173*J173/100 -> 0 | O173: =G173*K173/1000 -> 0
A174: 全年合计 | E174: =SUM(E4:E173) -> 5441.92 | F174: =(E174-G174)/E174*100 -> 16.179227 | G174: =SUM(G4:G173) -> 4561.4594 | H174: =L174/G174*100 -> 50.019572 | I174: =M174/G174*100 -> 3.294397 | J174: =N174/G174*100 -> 0.72177505 | K174: =O174/G174*1000 -> 2459.5658 | L174: =SUM(L4:L173) -> 2281.6225 | M174: =SUM(M4:M173) -> 150.27258 | N174: =SUM(N4:N173) -> 32.923476 | O174: =SUM(O4:O173) -> 11219.21
E177: 5090.5
E180: =E177-E174 -> -351.42
H182: 50.559494 | K182: 2479.7397 | L182: 2092.7392 | O182: 10264.044
L184: =L174-L182 -> 188.88328 | O184: =O174-O182 -> 955.16601

Sheet 出厂锌精
A1: 荣达选矿厂运出( Zn )精矿统计台帐
A2: 货主： | N2: 2024年 | O2: 8月
A3: 日 期 | B3: 序号 | C3: 车 号 | D3: 编 号 | E3: 数 量 | H3: 品 位(﹪) | L3: 含 量
E4: 湿 量 | F4: 水份 | G4: 干 量 | H4: 铜（%） | I4: 铅（%） | J4: 锌（%） | K4: 银（g/t） | L4: Cu | M4: Pb | N4: Zn | O4: Ag
G5: =E5*(100-F5)/100 -> 0 | L5: =G5*H5/100 -> 0 | M5: =G5*I5/100 -> 0 | N5: =G5*J5/100 -> 0 | O5: =G5*K5/1000 -> 0
G6: =E6*(100-F6)/100 -> 0 | L6: =G6*H6/100 -> 0 | M6: =G6*I6/100 -> 0 | N6: =G6*J6/100 -> 0 | O6: =G6*K6/1000 -> 0
G7: =E7*(100-F7)/100 -> 0 | L7: =G7*H7/100 -> 0 | M7: =G7*I7/100 -> 0 | N7: =G7*J7/100 -> 0 | O7: =G7*K7/1000 -> 0
G8: =E8*(100-F8)/100 -> 0 | L8: =G8*H8/100 -> 0 | M8: =G8*I8/100 -> 0 | N8: =G8*J8/100 -> 0 | O8: =G8*K8/1000 -> 0
G9: =E9*(100-F9)/100 -> 0 | L9: =G9*H9/100 -> 0 | M9: =G9*I9/100 -> 0 | N9: =G9*J9/100 -> 0 | O9: =G9*K9/1000 -> 0
G10: =E10*(100-F10)/100 -> 0 | L10: =G10*H10/100 -> 0 | M10: =G10*I10/100 -> 0 | N10: =G10*J10/100 -> 0 | O10: =G10*K10/1000 -> 0
G11: =E11*(100-F11)/100 -> 0 | L11: =G11*H11/100 -> 0 | M11: =G11*I11/100 -> 0 | N11: =G11*J11/100 -> 0 | O11: =G11*K11/1000 -> 0
G12: =E12*(100-F12)/100 -> 0 | L12: =G12*H12/100 -> 0 | M12: =G12*I12/100 -> 0 | N12: =G12*J12/100 -> 0 | O12: =G12*K12/1000 -> 0
G13: =E13*(100-F13)/100 -> 0 | L13: =G13*H13/100 -> 0 | M13: =G13*I13/100 -> 0 | N13: =G13*J13/100 -> 0 | O13: =G13*K13/1000 -> 0
G14: =E14*(100-F14)/100 -> 0 | L14: =G14*H14/100 -> 0 | M14: =G14*I14/100 -> 0 | N14: =G14*J14/100 -> 0 | O14: =G14*K14/1000 -> 0
G15: =E15*(100-F15)/100 -> 0 | L15: =G15*H15/100 -> 0 | M15: =G15*I15/100 -> 0 | N15: =G15*J15/100 -> 0 | O15: =G15*K15/1000 -> 0
G16: =E16*(100-F16)/100 -> 0 | L16: =G16*H16/100 -> 0 | M16: =G16*I16/100 -> 0 | N16: =G16*J16/100 -> 0 | O16: =G16*K16/1000 -> 0
... G946: =E946*(100-F946)/100 -> 0 | L946: =G946*H946/100 -> 0 | M946: =G946*I946/100 -> 0 | N946: =G946*J946/100 -> 0 | O946: =G946*K946/1000 -> 0
A947: 本月合计 | E947: =SUM(#REF!) -> #REF! | F947: =(E947-G947)/E947*100 -> #REF! | G947: =SUM(#REF!) -> #REF! | H947: =L947/G947*100 -> #REF! | I947: =M947/G947*100 -> #REF! | J947: =N947/G947*100 -> #REF! | K947: =O947/G947*1000 -> #REF! | L947: =SUM(#REF!) -> #REF! | M947: =SUM(#REF!) -> #REF! | N947: =SUM(#REF!) -> #REF! | O947: =SUM(#REF!) -> #REF!
A948: 全年合计 | E948: =SUM(E5:E946) -> 0 | F948: =(E948-G948)/E948*100 -> #DIV/0! | G948: =SUM(G5:G946) -> 0 | H948: =L948/G948*100 -> #DIV/0! | I948: =M948/G948*100 -> #DIV/0! | J948: =N948/G948*100 -> #DIV/0! | K948: =O948/G948*1000 -> #DIV/0! | L948: =SUM(L5:L946) -> 0 | M948: =SUM(M5:M946) -> 0 | N948: =SUM(N5:N946) -> 0 | O948: =SUM(O5:O946) -> 0
A949: 制表人： | N949: 第 1 页
E952: 湿 量 | F952: 水份 | G952: 干 量 | H952: Pb | I952: Zn | J952: Cu | K952: Ag | L952: Pb | M952: Zn | N952: Cu | O952: Ag
E953: =E947 -> #REF! | F953: =F947 -> #REF! | G953: =G947 -> #REF! | H953: =I947 -> #REF! | I953: =J947 -> #REF! | J953: =H947 -> #REF! | K953: =K947 -> #REF! | L953: =M947 -> #REF! | M953: =N947 -> #REF! | N953: =L947 -> #REF! | O953: =O947 -> #REF!

Sheet 磨浮作业区周表
B2: 荣达选矿厂生产统计报(班组周表） | Q2: =(L17+M21)/(L7+M7)*100 -> 97.308219
Q3: =(L18+M22)/(L8+M8)*100 -> 96.725985
L4: =基础数据!A2 -> 45836 | Q4: =(L19+M23)/(L9+M9)*100 -> 97.922147
B5: 种类 | C5: 班别 | D5: 细度％ | E5: 磨矿时间（h） | F5: 干量（T） | G5: 品 位 | K5: 金 属 量 | Q5: =(L20+M24)/(L10+M10)*100 -> 97.312632
G6: 铜（%） | H6: 铅（%） | I6: 锌（%） | J6: 银（g/t） | K6: 铜（T） | L6: 铅（T） | M6: 锌（T） | N6: 银（Kg）
B7: 原矿 | C7: 201周累 | D7: =IF(ISERROR(('1系统周表'!D7*'1系统周表'!F7+'2系统周表'!D7*'2系统周表'!F7)/磨浮作业区周表!F7),"0.00",('1系统周表'!D7*'1系统周表'!F7+'2系统周表'!D7*'2系统周表'!F7)/磨浮作业区周表!F7) -> 45.6 | E7: ='1系统周表'!E7+'2系统周表'!E7 -> 9 | F7: ='1系统周表'!F7+'2系统周表'!F7 -> 752.39671 | H7: =IF(ISERROR(L7/F7*100),"0.00",L7/F7*100) -> 10.5 | I7: =IF(ISERROR(M7/F7*100),"0.00",M7/F7*100) -> 0 | J7: =IF(ISERROR(N7/F7*1000),"0.00",N7/F7*1000) -> 570 | L7: ='1系统周表'!J7+'2系统周表'!J7 -> 79.001655 | M7: ='1系统周表'!K7+'2系统周表'!K7 -> 0 | N7: ='1系统周表'!L7+'2系统周表'!L7 -> 428.86613 | P7: =D7 -> 45.6 | Q7: =F7/E7 -> 83.599635 | R7: =G7 -> 0 | S7: =H7 -> 10.5 | T7: =I7 -> 0 | U7: =J7 -> 570 | V7: =G13 -> 0 | W7: =H13 -> 0 | X7: =I13 -> 0 | Y7: =J13 -> 0 | Z7: =G17 -> 0 | AA7: =H17 -> 60.56 | AB7: =I17 -> 0 | AC7: =J17 -> 3299 | AD7: =G21 -> 0 | AE7: =H21 -> 0.00 | AF7: =I21 -> 0.00 | AG7: =J21 -> 0.00 | AH7: =G25 -> 0 | AI7: =H25 -> 0.34 | AJ7: =I25 -> 0 | AK7: =J25 -> 16.131842 | AL7: =D13 -> 0 | AM7: =D17 -> 97.308219 | AN7: =D21 -> 0.00 | AO7: =E25 -> 97.64734 | AR7: 选矿厂 | AS7: 原矿含铅 | AT7: =H10 -> 8.8647432
C8: 202周累 | D8: =IF(ISERROR(('1系统周表'!D8*'1系统周表'!F8+'2系统周表'!D8*'2系统周表'!F8)/磨浮作业区周表!F8),"0.00",('1系统周表'!D8*'1系统周表'!F8+'2系统周表'!D8*'2系统周表'!F8)/磨浮作业区周表!F8) -> 0 | E8: ='1系统周表'!E8+'2系统周表'!E8 -> 8 | F8: ='1系统周表'!F8+'2系统周表'!F8 -> 124.16 | H8: =IF(ISERROR(L8/F8*100),"0.00",L8/F8*100) -> 3.75 | I8: =IF(ISERROR(M8/F8*100),"0.00",M8/F8*100) -> 0 | J8: =IF(ISERROR(N8/F8*1000),"0.00",N8/F8*1000) -> 161 | L8: ='1系统周表'!J8+'2系统周表'!J8 -> 4.656 | M8: ='1系统周表'!K8+'2系统周表'!K8 -> 0 | N8: ='1系统周表'!L8+'2系统周表'!L8 -> 19.98976 | P8: =D8 -> 0 | Q8: =F8/E8 -> 15.52 | R8: =G8 -> 0 | S8: =H8 -> 3.75 | T8: =I8 -> 0 | U8: =J8 -> 161 | V8: =G14 -> 0 | W8: =H14 -> 0 | X8: =I14 -> 0 | Y8: =J14 -> 0 | Z8: =G18 -> 0 | AA8: =H18 -> 65.27 | AB8: =I18 -> 0 | AC8: =J18 -> 3352 | AD8: =G22 -> 0 | AE8: =H22 -> 0.00 | AF8: =I22 -> 0.00 | AG8: =J22 -> 0.00 | AH8: =G26 -> 0 | AI8: =H26 -> 0.13 | AJ8: =I26 -> 0 | AK8: =J26 -> -26.766905 | AL8: =D14 -> 0 | AM8: =D18 -> 96.725985 | AN8: =D22 -> 0.00 | AO8: =E26 -> 115.70149 | AS8: 原矿含锌 | AT8: =I10 -> 0
C9: 203周累 | D9: =IF(ISERROR(('1系统周表'!D9*'1系统周表'!F9+'2系统周表'!D9*'2系统周表'!F9)/磨浮作业区周表!F9),"0.00",('1系统周表'!D9*'1系统周表'!F9+'2系统周表'!D9*'2系统周表'!F9)/磨浮作业区周表!F9) -> 0 | E9: ='1系统周表'!E9+'2系统周表'!E9 -> 8 | F9: ='1系统周表'!F9+'2系统周表'!F9 -> 124.16 | H9: =IF(ISERROR(L9/F9*100),"0.00",L9/F9*100) -> 4.07 | I9: =IF(ISERROR(M9/F9*100),"0.00",M9/F9*100) -> 0 | J9: =IF(ISERROR(N9/F9*1000),"0.00",N9/F9*1000) -> 230 | L9: ='1系统周表'!J9+'2系统周表'!J9 -> 5.053312 | M9: ='1系统周表'!K9+'2系统周表'!K9 -> 0 | N9: ='1系统周表'!L9+'2系统周表'!L9 -> 28.5568 | P9: =D9 -> 0 | Q9: =F9/E9 -> 15.52 | R9: =G9 -> 0 | S9: =H9 -> 4.07 | T9: =I9 -> 0 | U9: =J9 -> 230 | V9: =G15 -> 0 | W9: =H15 -> 0 | X9: =I15 -> 0 | Y9: =J15 -> 0 | Z9: =G19 -> 0 | AA9: =H19 -> 66.04 | AB9: =I19 -> 0 | AC9: =J19 -> 3380 | AD9: =G23 -> 0 | AE9: =H23 -> 0.00 | AF9: =I23 -> 0.00 | AG9: =J23 -> 0.00 | AH9: =G27 -> 0 | AI9: =H27 -> 0.09 | AJ9: =I27 -> 0 | AK9: =J27 -> 27.692432 | AL9: =D15 -> 0 | AM9: =D19 -> 97.922147 | AN9: =D23 -> 0.00 | AO9: =E27 -> 88.686423 | AS9: 原矿含银 | AT9: =J10 -> 477.07076
C10: 周累 | D10: =IF(ISERROR((D7*F7+D8*F8+D9*F9)/F10),"0.00",(D7*F7+D8*F8+D9*F9)/F10) -> 34.284718 | E10: =E7+E8+E9 -> 25 | F10: =F7+F8+F9 -> 1000.7167 | H10: =IF(ISERROR(L10/F10*100),"0.00",L10/F10*100) -> 8.8647432 | I10: =IF(ISERROR(M10/F10*100),"0.00",M10/F10*100) -> 0 | J10: =IF(ISERROR(N10/F10*1000),"0.00",N10/F10*1000) -> 477.07076 | L10: =L7+L8+L9 -> 88.710967 | M10: =M7+M8+M9 -> 0 | N10: =N7+N8+N9 -> 477.41269 | P10: =D10 -> 34.284718 | Q10: =F10/E10 -> 40.028669 | R10: =G10 -> 0 | S10: =H10 -> 8.8647432 | T10: =I10 -> 0 | U10: =J10 -> 477.07076 | V10: =G16 -> 0 | W10: =H16 -> 0 | X10: =I16 -> 0 | Y10: =J16 -> 0 | Z10: =G20 -> 0 | AA10: =H20 -> 61.080469 | AB10: =I20 -> 0 | AC10: =J20 -> 3305.8817 | AD10: =G24 -> 0 | AE10: =H24 -> 0.00 | AF10: =I24 -> 0.00 | AG10: =J24 -> 0.00 | AH10: =G28 -> 0 | AI10: =H28 -> 0.277407 | AJ10: =I28 -> 0 | AK10: =J28 -> 11.847874 | AL10: =D16 -> 0 | AM10: =D20 -> 97.312632 | AN10: =D24 -> 0.00 | AO10: =E28 -> 97.867282 | AS10: 铅回收率 | AT10: =D20 -> 97.312632
B11: 种类 | C11: 班别 | D11: 回收率（%） | F11: 干量（T） | G11: 分 布 率 | K11: 金 属 量 | AS11: 锌回收率 | AT11: =D24 -> 0.00
D12: 铜铅锌 | E12: 银 | G12: 铜（%） | H12: 铅（%） | I12: 锌（%） | J12: 银（g/t） | K12: 铜（T） | L12: 铅（T） | M12: 锌（T） | N12: 银（Kg） | AS12: 银回收率 | AT12: =E20 -> 97.867282
B13: 铜精 | C13: 201周累 | P13: =K13/K7*100 -> #DIV/0! | Q13: =L13/L7*100 -> 0 | R13: =M13/M7*100 -> #DIV/0! | S13: =N13/N7*100 -> 0 | U13: =Q17 -> 97.308219 | V13: =Q21 -> 0 | W13: =Q13 -> 0 | X13: =Q25 -> 2.6917809 | Y13: =U13+V13+W13+X13 -> 100 | Z13: =U17 -> #DIV/0! | AA13: =V17 -> #DIV/0! | AB13: =W17 -> #DIV/0! | AC13: =X17 -> #DIV/0! | AD13: =Z13+AA13+AB13+AC13 -> #DIV/0! | AE13: =U21 -> #DIV/0! | AF13: =V21 -> #DIV/0! | AG13: =W21 -> #DIV/0! | AH13: =X21 -> #DIV/0! | AI13: =AE13+AF13+AG13+AH13 -> #DIV/0! | AJ13: =U25 -> 97.64734 | AK13: =V25 -> 0 | AL13: =W25 -> 0 | AM13: =X25 -> 2.3526601 | AN13: =AM13+AL13+AK13+AJ13 -> 100 | AS13: 铅精品位 | AT13: =H20 -> 61.080469
C14: 202周累 | P14: =K14/K8*100 -> #DIV/0! | Q14: =L14/L8*100 -> 0 | R14: =M14/M8*100 -> #DIV/0! | S14: =N14/N8*100 -> 0 | U14: =Q18 -> 96.725985 | V14: =Q22 -> 0 | W14: =Q14 -> 0 | X14: =Q26 -> 3.2740149 | Y14: =U14+V14+W14+X14 -> 100 | Z14: =U18 -> #DIV/0! | AA14: =V18 -> #DIV/0! | AB14: =W18 -> #DIV/0! | AC14: =X18 -> #DIV/0! | AD14: =Z14+AA14+AB14+AC14 -> #DIV/0! | AE14: =U22 -> #DIV/0! | AF14: =V22 -> #DIV/0! | AG14: =W22 -> #DIV/0! | AH14: =X22 -> #DIV/0! | AI14: =AE14+AF14+AG14+AH14 -> #DIV/0! | AJ14: =U26 -> 115.70149 | AK14: =V26 -> 0 | AL14: =W26 -> 0 | AM14: =X26 -> -15.70149 | AN14: =AM14+AL14+AK14+AJ14 -> 100 | AS14: 锌精品位 | AT14: =I24 -> 0.00
C15: 203周累 | P15: =K15/K9*100 -> #DIV/0! | Q15: =L15/L9*100 -> 0 | R15: =M15/M9*100 -> #DIV/0! | S15: =N15/N9*100 -> 0 | U15: =Q19 -> 97.922147 | V15: =Q23 -> 0 | W15: =Q15 -> 0 | X15: =Q27 -> 2.0778529 | Y15: =U15+V15+W15+X15 -> 100 | Z15: =U19 -> #DIV/0! | AA15: =V19 -> #DIV/0! | AB15: =W19 -> #DIV/0! | AC15: =X19 -> #DIV/0! | AD15: =Z15+AA15+AB15+AC15 -> #DIV/0! | AE15: =U23 -> #DIV/0! | AF15: =V23 -> #DIV/0! | AG15: =W23 -> #DIV/0! | AH15: =X23 -> #DIV/0! | AI15: =AE15+AF15+AG15+AH15 -> #DIV/0! | AJ15: =U27 -> 88.686423 | AK15: =V27 -> 0 | AL15: =W27 -> 0 | AM15: =X27 -> 11.313577 | AN15: =AM15+AL15+AK15+AJ15 -> 100 | AS15: 铅精水分 | AT15: ='精矿盘点表（全年）'!D6 -> #DIV/0!
C16: 周累 | P16: =K16/K10*100 -> #DIV/0! | Q16: =L16/L10*100 -> 0 | R16: =M16/M10*100 -> #DIV/0! | S16: =N16/N10*100 -> 0 | U16: =Q20 -> 97.312632 | V16: =Q24 -> 0 | W16: =Q16 -> 0 | X16: =Q28 -> 2.6873679 | Y16: =U16+V16+W16+X16 -> 100 | Z16: =U20 -> #DIV/0! | AA16: =V20 -> #DIV/0! | AB16: =W20 -> #DIV/0! | AC16: =X20 -> #DIV/0! | AD16: =Z16+AA16+AB16+AC16 -> #DIV/0! | AE16: =U24 -> #DIV/0! | AF16: =V24 -> #DIV/0! | AG16: =W24 -> #DIV/0! | AH16: =X24 -> #DIV/0! | AI16: =AE16+AF16+AG16+AH16 -> #DIV/0! | AJ16: =U28 -> 97.867282 | AK16: =V28 -> 0 | AL16: =W28 -> 0 | AM16: =X28 -> 2.1327184 | AN16: =AM16+AL16+AK16+AJ16 -> 100 | AS16: 锌精水分 | AT16: ='精矿盘点表（全年）'!D16 -> #DIV/0!
B17: 铅精 | C17: 201周累 | D17: =IF(ISERROR(L17/L7*100),"0.00",L17/L7*100) -> 97.308219 | E17: =IF(ISERROR(N17/N7*100),"0.00",N17/N7*100) -> 97.64734 | F17: ='1系统周表'!F13+'2系统周表'!F13 -> 126.9404 | H17: =IF(ISERROR(L17/F17*100),"0.00",L17/F17*100) -> 60.56 | I17: =IF(ISERROR(M17/F17*100),"0.00",M17/F17*100) -> 0 | J17: =IF(ISERROR(N17/F17*1000),"0.00",N17/F17*1000) -> 3299 | L17: ='1系统周表'!J13+'2系统周表'!J13 -> 76.875103 | M17: ='1系统周表'!K13+'2系统周表'!K13 -> 0 | N17: ='1系统周表'!L13+'2系统周表'!L13 -> 418.77636 | P17: =K17/K7*100 -> #DIV/0! | Q17: =L17/L7*100 -> 97.308219 | R17: =M17/M7*100 -> #DIV/0! | S17: =N17/N7*100 -> 97.64734 | U17: =R17 -> #DIV/0! | V17: =R21 -> #DIV/0! | W17: =R13 -> #DIV/0! | X17: =R25 -> #DIV/0! | Y17: =U17+V17+W17+X17 -> #DIV/0!
C18: 202周累 | D18: =IF(ISERROR(L18/L8*100),"0.00",L18/L8*100) -> 96.725985 | E18: =IF(ISERROR(N18/N8*100),"0.00",N18/N8*100) -> 115.70149 | F18: ='1系统周表'!F14+'2系统周表'!F14 -> 6.8998956 | H18: =IF(ISERROR(L18/F18*100),"0.00",L18/F18*100) -> 65.27 | I18: =IF(ISERROR(M18/F18*100),"0.00",M18/F18*100) -> 0 | J18: =IF(ISERROR(N18/F18*1000),"0.00",N18/F18*1000) -> 3352 | L18: ='1系统周表'!J14+'2系统周表'!J14 -> 4.5035619 | M18: ='1系统周表'!K14+'2系统周表'!K14 -> 0 | N18: ='1系统周表'!L14+'2系统周表'!L14 -> 23.12845 | P18: =K18/K8*100 -> #DIV/0! | Q18: =L18/L8*100 -> 96.725985 | R18: =M18/M8*100 -> #DIV/0! | S18: =N18/N8*100 -> 115.70149 | U18: =R18 -> #DIV/0! | V18: =R22 -> #DIV/0! | W18: =R14 -> #DIV/0! | X18: =R26 -> #DIV/0! | Y18: =U18+V18+W18+X18 -> #DIV/0!
C19: 203周累 | D19: =IF(ISERROR(L19/L9*100),"0.00",L19/L9*100) -> 97.922147 | E19: =IF(ISERROR(N19/N9*100),"0.00",N19/N9*100) -> 88.686423 | F19: ='1系统周表'!F15+'2系统周表'!F15 -> 7.4929007 | H19: =IF(ISERROR(L19/F19*100),"0.00",L19/F19*100) -> 66.04 | I19: =IF(ISERROR(M19/F19*100),"0.00",M19/F19*100) -> 0 | J19: =IF(ISERROR(N19/F19*1000),"0.00",N19/F19*1000) -> 3380 | L19: ='1系统周表'!J15+'2系统周表'!J15 -> 4.9483116 | M19: ='1系统周表'!K15+'2系统周表'!K15 -> 0 | N19: ='1系统周表'!L15+'2系统周表'!L15 -> 25.326004 | P19: =K19/K9*100 -> #DIV/0! | Q19: =L19/L9*100 -> 97.922147 | R19: =M19/M9*100 -> #DIV/0! | S19: =N19/N9*100 -> 88.686423 | U19: =R19 -> #DIV/0! | V19: =R23 -> #DIV/0! | W19: =R15 -> #DIV/0! | X19: =R27 -> #DIV/0! | Y19: =U19+V19+W19+X19 -> #DIV/0!
C20: 周累 | D20: =IF(ISERROR(L20/L10*100),"0.00",L20/L10*100) -> 97.312632 | E20: =IF(ISERROR(N20/N10*100),"0.00",N20/N10*100) -> 97.867282 | F20: =F17+F18+F19 -> 141.33319 | H20: =IF(ISERROR(L20/F20*100),"0.00",L20/F20*100) -> 61.080469 | I20: =IF(ISERROR(M20/F20*100),"0.00",M20/F20*100) -> 0 | J20: =IF(ISERROR(N20/F20*1000),"0.00",N20/F20*1000) -> 3305.8817 | L20: =L17+L18+L19 -> 86.326977 | M20: =M17+M18+M19 -> 0 | N20: =N17+N18+N19 -> 467.23082 | P20: =K20/K10*100 -> #DIV/0! | Q20: =L20/L10*100 -> 97.312632 | R20: =M20/M10*100 -> #DIV/0! | S20: =N20/N10*100 -> 97.867282 | U20: =R20 -> #DIV/0! | V20: =R24 -> #DIV/0! | W20: =R16 -> #DIV/0! | X20: =R28 -> #DIV/0! | Y20: =U20+V20+W20+X20 -> #DIV/0!
B21: 锌精 | C21: 201周累 | D21: =IF(ISERROR(M21/M7*100),"0.00",M21/M7*100) -> 0.00 | E21: =IF(ISERROR(N21/N7*100),"0.00",N21/N7*100) -> 0 | F21: ='1系统周表'!F17+'2系统周表'!F17 -> 0 | H21: =IF(ISERROR(L21/F21*100),"0.00",L21/F21*100) -> 0.00 | I21: =IF(ISERROR(M21/F21*100),"0.00",M21/F21*100) -> 0.00 | J21: =IF(ISERROR(N21/F21*1000),"0.00",N21/F21*1000) -> 0.00 | L21: ='1系统周表'!J17+'2系统周表'!J17 -> 0 | M21: ='1系统周表'!K17+'2系统周表'!K17 -> 0 | N21: ='1系统周表'!L17+'2系统周表'!L17 -> 0 | P21: =K21/K7*100 -> #DIV/0! | Q21: =L21/L7*100 -> 0 | R21: =M21/M7*100 -> #DIV/0! | S21: =N21/N7*100 -> 0 | U21: =P17 -> #DIV/0! | V21: =P21 -> #DIV/0! | W21: =P13 -> #DIV/0! | X21: =P25 -> #DIV/0! | Y21: =U21+V21+W21+X21 -> #DIV/0!
C22: 202周累 | D22: =IF(ISERROR(M22/M8*100),"0.00",M22/M8*100) -> 0.00 | E22: =IF(ISERROR(N22/N8*100),"0.00",N22/N8*100) -> 0 | F22: ='1系统周表'!F18+'2系统周表'!F18 -> 0 | H22: =IF(ISERROR(L22/F22*100),"0.00",L22/F22*100) -> 0.00 | I22: =IF(ISERROR(M22/F22*100),"0.00",M22/F22*100) -> 0.00 | J22: =IF(ISERROR(N22/F22*1000),"0.00",N22/F22*1000) -> 0.00 | L22: ='1系统周表'!J18+'2系统周表'!J18 -> 0 | M22: ='1系统周表'!K18+'2系统周表'!K18 -> 0 | N22: ='1系统周表'!L18+'2系统周表'!L18 -> 0 | P22: =K22/K8*100 -> #DIV/0! | Q22: =L22/L8*100 -> 0 | R22: =M22/M8*100 -> #DIV/0! | S22: =N22/N8*100 -> 0 | U22: =P18 -> #DIV/0! | V22: =P22 -> #DIV/0! | W22: =P14 -> #DIV/0! | X22: =P26 -> #DIV/0! | Y22: =U22+V22+W22+X22 -> #DIV/0!
C23: 203周累 | D23: =IF(ISERROR(M23/M9*100),"0.00",M23/M9*100) -> 0.00 | E23: =IF(ISERROR(N23/N9*100),"0.00",N23/N9*100) -> 0 | F23: ='1系统周表'!F19+'2系统周表'!F19 -> 0 | H23: =IF(ISERROR(L23/F23*100),"0.00",L23/F23*100) -> 0.00 | I23: =IF(ISERROR(M23/F23*100),"0.00",M23/F23*100) -> 0.00 | J23: =IF(ISERROR(N23/F23*1000),"0.00",N23/F23*1000) -> 0.00 | L23: ='1系统周表'!J19+'2系统周表'!J19 -> 0 | M23: ='1系统周表'!K19+'2系统周表'!K19 -> 0 | N23: ='1系统周表'!L19+'2系统周表'!L19 -> 0 | P23: =K23/K9*100 -> #DIV/0! | Q23: =L23/L9*100 -> 0 | R23: =M23/M9*100 -> #DIV/0! | S23: =N23/N9*100 -> 0 | U23: =P19 -> #DIV/0! | V23: =P23 -> #DIV/0! | W23: =P15 -> #DIV/0! | X23: =P27 -> #DIV/0! | Y23: =U23+V23+W23+X23 -> #DIV/0!
C24: 周累 | D24: =IF(ISERROR(M24/M10*100),"0.00",M24/M10*100) -> 0.00 | E24: =IF(ISERROR(N24/N10*100),"0.00",N24/N10*100) -> 0 | F24: =F21+F22+F23 -> 0 | H24: =IF(ISERROR(L24/F24*100),"0.00",L24/F24*100) -> 0.00 | I24: =IF(ISERROR(M24/F24*100),"0.00",M24/F24*100) -> 0.00 | J24: =IF(ISERROR(N24/F24*1000),"0.00",N24/F24*1000) -> 0.00 | L24: =L21+L22+L23 -> 0 | M24: =M21+M22+M23 -> 0 | N24: =N21+N22+N23 -> 0 | P24: =K24/K10*100 -> #DIV/0! | Q24: =L24/L10*100 -> 0 | R24: =M24/M10*100 -> #DIV/0! | S24: =N24/N10*100 -> 0 | U24: =P20 -> #DIV/0! | V24: =P24 -> #DIV/0! | W24: =P16 -> #DIV/0! | X24: =P28 -> #DIV/0! | Y24: =U24+V24+W24+X24 -> #DIV/0!
B25: 尾矿 | C25: 201周累 | E25: =E13+E17 -> 97.64734 | F25: ='1系统周表'!F21+'2系统周表'!F21 -> 625.45632 | H25: =IF(ISERROR(L25/F25*100),"0.00",L25/F25*100) -> 0.34 | I25: =IF(ISERROR(M25/F25*100),"0.00",M25/F25*100) -> 0 | J25: =IF(ISERROR(N25/F25*1000),"0.00",N25/F25*1000) -> 16.131842 | L25: ='1系统周表'!J21+'2系统周表'!J21 -> 2.1265515 | M25: ='1系统周表'!K21+'2系统周表'!K21 -> 0 | N25: ='1系统周表'!L21+'2系统周表'!L21 -> 10.089762 | P25: =K25/K7*100 -> #DIV/0! | Q25: =L25/L7*100 -> 2.6917809 | R25: =M25/M7*100 -> #DIV/0! | S25: =N25/N7*100 -> 2.3526601 | U25: =S17 -> 97.64734 | V25: =S21 -> 0 | W25: =S13 -> 0 | X25: =S25 -> 2.3526601 | Y25: =U25+V25+W25+X25 -> 100
C26: 202周累 | E26: =E14+E18 -> 115.70149 | F26: ='1系统周表'!F22+'2系统周表'!F22 -> 117.2601 | H26: =IF(ISERROR(L26/F26*100),"0.00",L26/F26*100) -> 0.13 | I26: =IF(ISERROR(M26/F26*100),"0.00",M26/F26*100) -> 0 | J26: =IF(ISERROR(N26/F26*1000),"0.00",N26/F26*1000) -> -26.766905 | L26: ='1系统周表'!J22+'2系统周表'!J22 -> 0.15243814 | M26: ='1系统周表'!K22+'2系统周表'!K22 -> 0 | N26: ='1系统周表'!L22+'2系统周表'!L22 -> -3.1386901 | P26: =K26/K8*100 -> #DIV/0! | Q26: =L26/L8*100 -> 3.2740149 | R26: =M26/M8*100 -> #DIV/0! | S26: =N26/N8*100 -> -15.70149 | U26: =S18 -> 115.70149 | V26: =S22 -> 0 | W26: =S14 -> 0 | X26: =S26 -> -15.70149 | Y26: =U26+V26+W26+X26 -> 100
C27: 203周累 | E27: =E15+E19 -> 88.686423 | F27: ='1系统周表'!F23+'2系统周表'!F23 -> 116.6671 | H27: =IF(ISERROR(L27/F27*100),"0.00",L27/F27*100) -> 0.09 | I27: =IF(ISERROR(M27/F27*100),"0.00",M27/F27*100) -> 0 | J27: =IF(ISERROR(N27/F27*1000),"0.00",N27/F27*1000) -> 27.692432 | L27: ='1系统周表'!J23+'2系统周表'!J23 -> 0.10500039 | M27: ='1系统周表'!K23+'2系统周表'!K23 -> 0 | N27: ='1系统周表'!L23+'2系统周表'!L23 -> 3.2307957 | P27: =K27/K9*100 -> #DIV/0! | Q27: =L27/L9*100 -> 2.0778529 | R27: =M27/M9*100 -> #DIV/0! | S27: =N27/N9*100 -> 11.313577 | U27: =S19 -> 88.686423 | V27: =S23 -> 0 | W27: =S15 -> 0 | X27: =S27 -> 11.313577 | Y27: =U27+V27+W27+X27 -> 100
C28: 周累 | E28: =E16+E20 -> 97.867282 | F28: =F25+F26+F27 -> 859.38352 | H28: =IF(ISERROR(L28/F28*100),"0.00",L28/F28*100) -> 0.277407 | I28: =IF(ISERROR(M28/F28*100),"0.00",M28/F28*100) -> 0 | J28: =IF(ISERROR(N28/F28*1000),"0.00",N28/F28*1000) -> 11.847874 | L28: =L25+L26+L27 -> 2.38399 | M28: =M25+M26+M27 -> 0 | N28: =N25+N26+N27 -> 10.181868 | P28: =K28/K10*100 -> #DIV/0! | Q28: =L28/L10*100 -> 2.6873679 | R28: =M28/M10*100 -> #DIV/0! | S28: =N28/N10*100 -> 2.1327184 | U28: =S20 -> 97.867282 | V28: =S24 -> 0 | W28: =S16 -> 0 | X28: =S28 -> 2.1327184 | Y28: =U28+V28+W28+X28 -> 100
C29: 质检负责人： | K29: 制表人：

Sheet 磨浮作业区月表
B2: 荣达选矿厂生产统计表(班组月度累计表） | Q2: =(L17+M21)/(L7+M7)*100 -> #DIV/0!
Q3: =(L18+M22)/(L8+M8)*100 -> 96.725985
L4: =基础数据!A2 -> 45836 | Q4: =(L19+M23)/(L9+M9)*100 -> 97.922147
